id,provider,query,title,url,authors,published,source_type,language,abstract,retrieved_at,evidence_class
cc02218a2b1a2daf,crossref,Ctesibius water clock,Ctesibius,https://doi.org/10.1093/gmo/9781561592630.article.06924,Warren Anderson; Thomas J. Mathiesen,2001,reference-book,,,2026-09-28T09:57:04.972705+00:00,B
576a00f88e19d2e3,crossref,Ctesibius water clock,Ctesibius,https://doi.org/10.1163/1574-9347_bnp_e623840,,,dataset,,,2026-09-28T09:57:04.972746+00:00,B
adac289e2f22e3cc,crossref,Ctesibius water clock,Water clock,https://doi.org/10.1163/1574-9347_bnp_e12209230,,,dataset,,,2026-09-28T09:57:04.972765+00:00,B
9270439764899279,crossref,Ctesibius water clock,"Ctesibius, inventor, fl. 270 BCE",https://doi.org/10.1093/acrefore/9780199381135.013.1945,G J Toomer,2015,reference-entry,,,2026-09-28T09:57:04.972786+00:00,B
aea12ff35d73d17a,crossref,Ctesibius water clock,"water clock, n.²",https://doi.org/10.1093/oed/9260677586,,2023,book-chapter,,,2026-09-28T09:57:04.972805+00:00,B
e234b26db497a19f,crossref,Ctesibius water clock,"water clock, n.¹",https://doi.org/10.1093/oed/7364508345,,2023,book-chapter,,,2026-09-28T09:57:04.972824+00:00,B
13f27bc0bcb6eba1,crossref,Ctesibius water clock,Water Quip,https://doi.org/10.1525/9780520951693-043,,2019,book-chapter,,,2026-09-28T09:57:04.972845+00:00,B
f3b1aea10b11aab6,crossref,Ctesibius water clock,Ktesibios (Ctesibius) of Alexandria,https://doi.org/10.1002/9781444338386.wbeah09150.pub2,Georgia L. Irby; Ivana Petrovic,2023,other,,,2026-09-28T09:57:04.972866+00:00,B
b098bc0964e0b068,crossref,Ctesibius water clock,the water clock,https://doi.org/10.2307/jj.31761193.6,,2025,book-chapter,,,2026-09-28T09:57:04.972886+00:00,B
3e4bf5bbef2e7926,crossref,Ctesibius water clock,The Gift Of A Water-Clock,https://doi.org/10.1515/9780773581616-001,,1999,book-chapter,,,2026-09-28T09:57:04.972902+00:00,B
70a4fa954cda6f5f,crossref,Ctesibius water clock,The Water Clock,https://doi.org/10.1038/scientificamerican03211885-7673asupp,,1885,journal-article,,,2026-09-28T09:57:04.972917+00:00,B
4977900fd1712747,crossref,Ctesibius water clock,Peacock water clock,https://doi.org/10.1038/248286a0,,1974,journal-article,,,2026-09-28T09:57:04.972930+00:00,B
cb18f110ba64d3dd,crossref,Ctesibius water clock,"SEG 63-1521. Tyre. Building inscription for a water-clock, Imperial period.",https://doi.org/10.1163/1874-6772_seg_a63_1521,,,dataset,,,2026-09-28T09:57:04.972944+00:00,B
6365aee8845f0cb2,crossref,Ctesibius water clock,The Date of Ctesibius,https://doi.org/10.1017/s0009838800014385,E. J. A. Kenny,1932,journal-article,,,2026-09-28T09:57:04.972957+00:00,B
ca1888512de1ef66,crossref,Ctesibius water clock,Water-Powered Astronomical Clock Tower,https://doi.org/10.1007/978-1-4614-6141-8_221,Xiaochun Sun,2014,book-chapter,,,2026-09-28T09:57:04.972969+00:00,B
2377fbd2b7a71ea5,crossref,Ctesibius water clock,Self-Winding Clock Operated from Water Mains,https://doi.org/10.1038/scientificamerican05171913-307bsupp,,1913,journal-article,,,2026-09-28T09:57:04.972982+00:00,B
fb10e08609d2107c,crossref,Ctesibius water clock,"An Easily Constructed Clepsydra, or Water Clock",https://doi.org/10.1038/scientificamerican12201884-7469bsupp,,1884,journal-article,,,2026-09-28T09:57:04.972994+00:00,B
73ea7b3298a30a62,crossref,Ctesibius water clock,Designing a Water Clock,https://doi.org/10.1002/9781119524861.ch11,,2018,other,,,2026-09-28T09:57:04.973010+00:00,B
035bf99c508f1d35,crossref,Ctesibius water clock,A Fourteenth-Century Drawing of a Water Clock,https://doi.org/10.4324/9781003413240-54,Marcus Milwright,2025,book-chapter,,,2026-09-28T09:57:04.973022+00:00,B
3474a4cf4ebfbae8,crossref,Ctesibius water clock,Designing a Water Clock,https://doi.org/10.1115/1.861ate_ch11,M. Kemal Atesmen,2019,book-chapter,,,2026-09-28T09:57:04.973039+00:00,B
954f90c28e69afb3,crossref,Ctesibius clepsydra,,https://doi.org/10.25145/j.clepsydra.2019.18,,2019,journal-issue,,,2026-09-28T09:57:06.794786+00:00,B
1abeeea33df408c9,crossref,Ctesibius clepsydra,,https://doi.org/10.25145/j.clepsydra.2020.19,,2020,journal-issue,,,2026-09-28T09:57:06.794803+00:00,B
64ad7635bbdd88b6,crossref,Ctesibius clepsydra,Clepsydra,https://doi.org/10.1163/1574-9347_bnp_e616830,,,dataset,,,2026-09-28T09:57:06.794817+00:00,B
b9ec4dcbcdde1766,crossref,Ctesibius clepsydra,Clepsydra,https://doi.org/10.1093/oseo/instance.00247166,,2017,book-chapter,,,2026-09-28T09:57:06.794830+00:00,B
b9c44399febfeec0,crossref,Ctesibius clepsydra,,https://doi.org/10.25145/j.clepsydra.2018.17,,2018,journal-issue,,,2026-09-28T09:57:06.794843+00:00,B
66269b6a5211d148,crossref,Ctesibius clepsydra,,https://doi.org/10.25145/j.clepsydra.2021.20,,2021,journal-issue,,,2026-09-28T09:57:06.794863+00:00,B
9ad24baf74bc0088,crossref,Ctesibius clepsydra,Madrid-Madrid,https://doi.org/10.25145/j.clepsydra.2021.21.11,Ricardo Lorenzo,2021,journal-article,,,2026-09-28T09:57:06.794876+00:00,B
d6e3663e18828f46,crossref,Ctesibius clepsydra,«Juan»,https://doi.org/10.25145/j.clepsydra.2018.17.06,Sara Uribe,2018,journal-article,,,2026-09-28T09:57:06.794890+00:00,B
51ee6e4ad04e037b,crossref,Ctesibius clepsydra,,https://doi.org/10.25145/j.clepsydra.2021.21,,2021,journal-issue,,,2026-09-28T09:57:06.794904+00:00,B
5b5e7a691ff0f4b0,crossref,Ctesibius clepsydra,"clepsydra, n.",https://doi.org/10.1093/oed/2993573261,,2023,book-chapter,,,2026-09-28T09:57:06.794916+00:00,B
37cd6ecb48bd9fc2,crossref,Ctesibius clepsydra,A Fleeting Conclusion,https://doi.org/10.11126/stanford/9780804789059.003.0014,Sylvie Anne Goldberg,2016,book-chapter,,,2026-09-28T09:57:06.794931+00:00,B
51370a7324e14405,crossref,Ctesibius clepsydra,"«Diana», de Alejandra Pizarnik",https://doi.org/10.25145/j.clepsydra.2021.21.16,Javier Izquierdo Reyes,2021,journal-article,,,2026-09-28T09:57:06.794954+00:00,B
b6da6151441f8fdc,crossref,Ctesibius clepsydra,,https://doi.org/10.25145/j.clepsydra.2025.29,,2025,journal-issue,,,2026-09-28T09:57:06.794967+00:00,B
31a2f13a554f1aa8,crossref,Ctesibius clepsydra,Notes,https://doi.org/10.11126/stanford/9780804789059.002.0013,Sylvie Anne Goldberg,2016,book-chapter,,,2026-09-28T09:57:06.794991+00:00,B
387bb5bd5fe15903,crossref,Ctesibius clepsydra,Feminismo y socialismo en los albores del xx en Colombia,https://doi.org/10.25145/j.clepsydra.2020.19.06,; Angélica Beltrán Pineda,2020,journal-article,,,2026-09-28T09:57:06.795003+00:00,B
63e27f24b86ffad4,crossref,Ctesibius clepsydra,Scriptural Abbreviations Cited,https://doi.org/10.11126/stanford/9780804789059.002.0009,Sylvie Anne Goldberg,2016,book-chapter,,,2026-09-28T09:57:06.795015+00:00,B
0d92f4fdabcd591c,crossref,Ctesibius hydraulic clock,Hydraulic Clock,https://doi.org/10.1038/scientificamerican10221892-14015bsupp,,1892,journal-article,,,2026-09-28T09:57:09.004239+00:00,B
820d6cdb7c1f0617,crossref,Ctesibius hydraulic clock,Chehab's Hydraulic Clock,https://doi.org/10.1038/scientificamerican09131884-7247asupp,,1884,journal-article,,,2026-09-28T09:57:09.004255+00:00,B
7fb2d1df15f7d781,crossref,Ctesibius hydraulic clock,Clock hour correction effect on extreme value analysis of rainfall on Western Coast of India,https://doi.org/10.1080/09715010.2019.1687338,Saha Dauji,2019,journal-article,,,2026-09-28T09:57:09.004291+00:00,B
a3e288e4e7658768,crossref,Ctesibius hydraulic clock,Author’s reply to discussion of ‘clock hour correction effect on extreme value analysis of rainfall on Western Coast of India’,https://doi.org/10.1080/09715010.2020.1792363,Saha Dauji,2020,journal-article,,,2026-09-28T09:57:09.004320+00:00,B
38e420d2e072ed45,crossref,Ctesibius hydraulic clock,Discussion of ‘Clock hour correction effect on extreme value analysis of rainfall on Western Coast of India’ by Dauji (2019),https://doi.org/10.1080/09715010.2020.1792362,P V Timbadiya; Aarti Ghate,2020,journal-article,,,2026-09-28T09:57:09.011133+00:00,B
019e93628d1a463c,crossref,Ctesibius hydraulic clock,Evolutionary Clock (molecular clock),https://doi.org/10.1007/springerreference_96067,,,reference-entry,,,2026-09-28T09:57:09.011212+00:00,B
b8553f4925468ac5,crossref,Ctesibius hydraulic clock,Clock Skew Scheduling and Clock Tree Synthesis,https://doi.org/10.1007/978-0-387-71056-3_5,,,book-chapter,,,2026-09-28T09:57:09.011229+00:00,B
7596cfbce49b015b,crossref,Ctesibius hydraulic clock,The Tone Clock,https://doi.org/10.4324/9780203059418-9,,2012,book-chapter,,,2026-09-28T09:57:09.011242+00:00,B
9a690737a2dae263,crossref,Ctesibius hydraulic clock,The Banjo Clock,https://doi.org/10.1525/9780520951693-058,,2019,book-chapter,,,2026-09-28T09:57:09.011255+00:00,B
95f9b6a05f0fdd4b,crossref,Ctesibius hydraulic clock,DSP Clock Generator Architectures,https://doi.org/10.1007/1-4020-8080-8_7,,,book-chapter,,,2026-09-28T09:57:09.011267+00:00,B
9fcbb917ce748291,crossref,Ctesibius hydraulic clock,Birdcage clock,https://doi.org/10.1093/gao/9781884446054.article.t2070952,Gordon Campbell,2008,reference-book,,,2026-09-28T09:57:09.011280+00:00,B
b9e07184d9b0aabe,crossref,Ctesibius hydraulic clock,Figure 3—source data 1. Data for qPCR analysis of fat body clock-independent genes and clock genes in flies with ablated clock neurons.,https://doi.org/10.7554/elife.13552.010,,,component,,,2026-09-28T09:57:09.011299+00:00,B
dd637251258d72c0,crossref,Ctesibius hydraulic clock,Winding back the clock,https://doi.org/10.1017/cbo9780511585050.020,,1996,book-chapter,,,2026-09-28T09:57:09.011323+00:00,B
791ef7ccfc548264,crossref,Ctesibius hydraulic clock,12. The Famous Clock,https://doi.org/10.7312/kris56429-012,,2026,book-chapter,,,2026-09-28T09:57:09.011339+00:00,B
ca9399b32fabf8f6,crossref,Ctesibius hydraulic clock,Clock Scheduling and Clock Tree Synthesis,https://doi.org/10.1007/978-1-4615-4411-1_5,Ivan S. Kourtev; Eby G. Friedman,2000,book-chapter,,,2026-09-28T09:57:09.011352+00:00,B
9cf08807649cd1a8,crossref,Ctesibian water clock,Infographysics: Physics of the water clock,https://doi.org/10.1051/epn/2025507,Vittorio Aita,2025,journal-article,,,2026-09-28T09:57:10.797662+00:00,B
ddd9d485ce0b3c5a,crossref,Ctesibian water clock,Evolution of Timekeeping from Water Clock to Quartz Clock - the Curious Case of the Bulova ACCUTRON 214 the First Transistorized Wristwatch,https://doi.org/10.29292/jics.v17i3.629,Edval JP Santos,2022,journal-article,,,2026-09-28T09:57:10.797687+00:00,B
724c2ae4eba54afd,crossref,Ctesibian water clock,Water motor for clock work,https://doi.org/10.1016/0016-0032(83)90184-9,,1883,journal-article,,,2026-09-28T09:57:10.797704+00:00,B
3848177a47b91727,crossref,Ctesibian water clock,Archimedean unequal-hour water clock,https://doi.org/10.1007/s40329-016-0135-3,Franco Ghione,2016,journal-article,,,2026-09-28T09:57:10.797716+00:00,B
a21c192d49bb7d84,crossref,Ctesibius clock Alexandria,Optimization of supported chromium catalyst for enhanced production of high-density polyethylene,https://doi.org/10.62184/acj.jacj1000202521,; Haitham Ramadan; ; El-Sayed Mansour; ; Mahmoud Nasr; ; Mohamed Hager; ; Tarek Fahmy; ; ; Mohamed Zakaria; ,2025,journal-article,,,2026-09-28T09:57:12.836289+00:00,B
f1cf42b71b8eb26f,crossref,Ctesibius clock Alexandria,God’s Clock and the First Hours of the World,https://doi.org/10.1515/9783112225981-003,Ludovica De Luca,2026,book-chapter,,,2026-09-28T09:57:12.836308+00:00,B
b9d37eaf47f5bc09,crossref,Ctesibius clock Alexandria,Combining Spreader Grafts with Suture Suspension for Management of Narrow Internal Nasal Valve Angles,https://doi.org/10.5152/tao.2018.2996,; Ahmed Ismail; Wael Hussein; ; Samy Elwany; ,2018,journal-article,,,2026-09-28T09:57:12.836326+00:00,B
93038c6b1776744d,crossref,Ctesibius clock Alexandria,Cytotoxicity And Genotoxicity In Rheumatoid Arthritis: A Dual Effect Of Disease And Drugs.,https://doi.org/10.21474/ijar01/906,; Manal Tayel; Eiman Soliman; ; Hanan Mahrous; ; Saly Shawky; ,2016,journal-article,,,2026-09-28T09:57:12.836340+00:00,B
9b0c13bef3282aeb,crossref,Ctesibius clock Alexandria,AN ONCOPLASTIC APPROACH USING INFRAMAMMARY TRANSPOSITION FLAP TO REPLACE PARTIAL MASTECTOMY DEFECTS.,https://doi.org/10.21474/ijar01/6811,; AhmedFAl Karmouty; AhmedE Shaaban; ; EhabM Elzawawy; ; MeladN Kelada; ,2018,journal-article,,,2026-09-28T09:57:12.836352+00:00,B
5cfc891f1d510625,crossref,Ctesibius clock Alexandria,Libraries before Alexandria,https://doi.org/10.1093/oso/9780199655359.003.0001,Kim Ryholt; Gojko Barjamovic,2019,book-chapter,,,2026-09-28T09:57:12.836365+00:00,B
546046e6e613df0b,crossref,Ctesibius clock Alexandria,"Angiogenic activities of interleukin-8, vascular endothelial growth factor and matrix metalloproteinase-9 in breast cancer",https://doi.org/10.55133/eji.290307,; Seham Abou Shousha; Basma Hussein; ; Yasmine Shahine; ; Geylan Fadali; ; Malak Zohir; ; Yasser Hamed; ; Suzan Baheeg; ; Ahmed Ibrahim; ; Mohammed El Shannawy; ; Eman Osman; ,2022,journal-article,,,2026-09-28T09:57:12.836378+00:00,B
2aed417d3656e191,crossref,Ctesibius clock Alexandria,Catherine of Alexandria,https://doi.org/10.4324/9780415791182-rmeo162-1,Katherine J. Lewis,2022,reference-entry,,,2026-09-28T09:57:12.836390+00:00,B
0b46ff9315a61b85,crossref,Ctesibius clock Alexandria,EVALUATION OF COGNITIVE FUNCTIONS IN CHRONIC HCV ELDERLY PATIENTS.,https://doi.org/10.21474/ijar01/2686,; SekinaIsmailAhmed MD; PerihanElSayedSalem MD; ; SohaAbdElatifAhmed MD; ; SaraTahaAbdElfatah MS; ,2016,journal-article,,,2026-09-28T09:57:12.836403+00:00,B
f4c079abd2c2bcbb,crossref,Ctesibius clock Alexandria,Editorial,https://doi.org/10.5007/1982-5153.2016v9n2p1,Editores Alexandria,2016,journal-article,,,2026-09-28T09:57:12.836416+00:00,B
54ed763c44f68c2b,crossref,Ctesibius clock Alexandria,The Bible at Alexandria,https://doi.org/10.2307/j.ctt1cgfbr8.7,,2014,book-chapter,,,2026-09-28T09:57:12.836437+00:00,B
323b0ac126d4d11f,crossref,Ctesibius clock Alexandria,Editorial,https://doi.org/10.5007/1982-5153.2017v10n1p1,Editores Alexandria,2017,journal-article,,,2026-09-28T09:57:12.836449+00:00,B
15b7def509d0ca85,crossref,Ctesibius clock Alexandria,"E-CADHERIN AS A PROGNOSTIC AND PREDICTIVE BIOMARKER IN INVASIVE BREAST CARCINOMA, A CLINICO-PATHOLOGICAL STUDY.",https://doi.org/10.21474/ijar01/7177,; SuzannaWilliam Skander; HalaKhalil Maghraby; ; Heba Moomen; ; AhmedFarouk Alkarmouty; ,2018,journal-article,,,2026-09-28T09:57:12.836461+00:00,B
7b06795ccb00e7db,crossref,Ctesibius clock Alexandria,INCREASED SPERM DNA FRAGMENTATION NEGATIVELY AFFECTS EMBRYO QUALITY IN A COHORT OF EGYPTIAN PATIENTS.,https://doi.org/10.21474/ijar01/8323,; Gaafar Sh; ElGeziry D; ; Younan D; ; ElDakhakhny M; ,2019,journal-article,,,2026-09-28T09:57:12.836474+00:00,B
10a4d08a56e5512f,crossref,Ctesibius clepsydra reconstruction,Reconstruction designs of an early Chinese astronomical clock with a waterwheel steelyard clepsydra,https://doi.org/10.5194/ms-12-891-2021,Zeng-Hui Hwang; Tsung-Yi Lin; Hong-Sen Yan,2021,journal-article,,,2026-09-28T09:57:14.942114+00:00,B
5591c3943841d79a,crossref,Ctesibius constant water level,A constant-level device for constant-temperature water baths,https://doi.org/10.1021/ed010p377,J. H. Robertson,1933,journal-article,,,2026-09-28T09:57:17.115324+00:00,B
898c64ea32cd77eb,crossref,Ctesibius constant water level,Liquid Time-Constant Networks for Water Level Forecasting in Urban Drainage: Adaptive Time-Scale Modeling of Hydrological Dynamics,https://doi.org/10.3390/w18172169,Rafał Buczyński,2026,journal-article,,,2026-09-28T09:57:17.115340+00:00,B
120e0f470e97c468,crossref,Ctesibius constant water level,Liquid Time-Constant Networks for Water-Level Forecasting in Urban Drainage: Adaptive Continuous-Time Dynamics for Hydrological Processes,https://doi.org/10.2139/ssrn.6904014,Rafał Buczyński,2026,posted-content,,,2026-09-28T09:57:17.115355+00:00,B
56cc07c75dbd44a3,crossref,Ctesibius constant water level,Constant-Level Water Baths,https://doi.org/10.1021/ie50186a035,H. J. Wing,1925,journal-article,,,2026-09-28T09:57:17.115379+00:00,B
bb5174f9b6669cb8,crossref,Ctesibius constant water level,Constant Water-Level Devices.,https://doi.org/10.1021/ie50180a005,Robert E. Jefferson,1924,journal-article,,,2026-09-28T09:57:17.115392+00:00,B
cb55aa0ab8913028,crossref,Ctesibius constant water level,A Constant-Level Water Bath Using Distilled Water<sup>1</sup>,https://doi.org/10.1021/ie50205a014,R. W. Gerdel,1927,journal-article,,,2026-09-28T09:57:17.115404+00:00,B
52932890825d55a9,crossref,Ctesibius constant water level,CORRESPONDENCE. Constant Level Controls for Water Baths,https://doi.org/10.1021/ac60018a032,A H. Nissan,1948,journal-article,,,2026-09-28T09:57:17.115417+00:00,B
6e8fb9d9038e44ba,crossref,Ctesibius constant water level,A constant-level device for water baths,https://doi.org/10.1021/ed041p614,H. D. Harlan,1964,journal-article,,,2026-09-28T09:57:17.115432+00:00,B
8590e0db9dcea6e8,crossref,Ctesibius constant water level,A constant level water-bath,https://doi.org/10.1021/ed006p1335,Norval F. Wilson; R. K. Carleton,1929,journal-article,,,2026-09-28T09:57:17.115444+00:00,B
874941a2888cd4f6,crossref,Ctesibius constant water level,Response of an Unconfined Sloping Aquifer to Constant Recharge and Seepage from the Stream of Varying Water Level,https://doi.org/10.1007/s11269-010-9732-7,Rajeev K. Bansal; Samir Kumar Das,2010,journal-article,,,2026-09-28T09:57:17.115457+00:00,B
f2ce5a0ca4ecd958,crossref,Ctesibius constant water level,Two Forms of a Constant Water–Level Device,https://doi.org/10.1021/ie50177a010,H. D. Wilde,1924,journal-article,,,2026-09-28T09:57:17.115472+00:00,B
dea4a5bf3b2c9602,crossref,Ctesibius constant water level,A constant level water system for long-term pot experiments,https://doi.org/10.1071/ea9680749,Vries MPC de,1968,journal-article,,,2026-09-28T09:57:17.115508+00:00,B
df1fb4ced6668877,crossref,Ctesibius constant water level,Constant-level siphon for a hot water bath,https://doi.org/10.1021/ed011p462,G. R. Yohe; C. G. Keckler,1934,journal-article,,,2026-09-28T09:57:17.115523+00:00,B
6705528dbfe1a147,crossref,Ctesibius constant water level,Maintaining a constant soil moisture level can enhance the growth and phenolic content of sweet basil better than fluctuating irrigation,https://doi.org/10.1016/j.agwat.2020.106203,Suyun Nam; Seonghwan Kang; Jongyun Kim,2020,journal-article,,,2026-09-28T09:57:17.115535+00:00,B
330789a497c0c07b,crossref,Ctesibius constant water level,SUPERPRESSURE BALLOON FOR CONSTANT LEVEL FLIGHT,https://doi.org/10.21236/ad0297099,L. A. Grass,1962,report,,,2026-09-28T09:57:17.115549+00:00,B
8884a8028331eb1e,crossref,Ctesibius constant water level,Constant‐Level Balloon,https://doi.org/10.1002/0471743984.vse2034,,2005,other,,,2026-09-28T09:57:17.115561+00:00,B
fd662e6067a81cf6,crossref,Ctesibius float mechanism,Mechanism of Float Polishing,https://doi.org/10.1364/sop.1984.tuba2,Yoshiharu Namba,1984,proceedings-article,,,2026-09-28T09:57:19.049736+00:00,B
eaa7df5df371da39,crossref,Ctesibius float mechanism,Mechanism of Search and Float for Internal Merge,https://doi.org/10.1007/978-3-319-47304-8_2,Jun Abe,2016,book-chapter,,,2026-09-28T09:57:19.049771+00:00,B
1445c1cfbc901e0a,crossref,Ctesibius float mechanism,Float,https://doi.org/10.1093/gao/9781884446054.article.t2072032,Gordon Campbell,2008,reference-entry,,,2026-09-28T09:57:19.049785+00:00,B
ebfdf602ba50bea8,crossref,Ctesibius float mechanism,Float operated valves,https://doi.org/10.3403/00214933u,,,standard,,,2026-09-28T09:57:19.049797+00:00,B
6fda54f1574cd3bd,crossref,Ctesibius float mechanism,Float,https://doi.org/10.1007/springerreference_1523,,,reference-entry,,,2026-09-28T09:57:19.049810+00:00,B
43cebd0f3fe22faf,crossref,Ctesibius float mechanism,The Limitation of Free Float and Safety Float and the Introduction of Composite Free Float and Composite Safety Float in CPM Network,https://doi.org/10.4028/www.scientific.net/amr.860-863.2962,Jian Xun Qi; Zhi Nan Kan,2013,journal-article,,,2026-09-28T09:57:19.049823+00:00,B
cec93f5ade5e19b2,crossref,Ctesibius float mechanism,Float operated valves,https://doi.org/10.3403/00214945,,,standard,,,2026-09-28T09:57:19.049846+00:00,B
993449b2182c78bd,crossref,Ctesibius float mechanism,Transitioning Experienced General Care Float Pool Nurses to a Critical Care Float Pool,https://doi.org/10.4079/dnp2018.014,; Troy Betts,,dissertation,,,2026-09-28T09:57:19.049858+00:00,B
fa5b4daba24a60c7,crossref,Ctesibius float mechanism,Why Do Countries Float the Way They Float?,https://doi.org/10.18235/0010778,Ricardo Hausmann; Ugo Panizza; Ernesto H. Stein,2000,report,,,2026-09-28T09:57:19.049871+00:00,B
8a411092fe65470b,crossref,Ctesibius float mechanism,Float,https://doi.org/10.1007/springerreference_30343,,,reference-entry,,,2026-09-28T09:57:19.049886+00:00,B
b1ce1ed02d831db4,crossref,Ctesibius float mechanism,Float,https://doi.org/10.1007/springerreference_5553,,,reference-entry,,,2026-09-28T09:57:19.049897+00:00,B
2888ae196850a017,crossref,Ctesibius float mechanism,Float operated valves,https://doi.org/10.3403/00214933,,,standard,,,2026-09-28T09:57:19.049910+00:00,B
46c6efcbef2dd855,crossref,Ctesibius float mechanism,Total float,https://doi.org/10.1007/springerreference_6251,,,reference-entry,,,2026-09-28T09:57:19.049922+00:00,B
d898f32456ee9ab9,crossref,Ctesibius float mechanism,Processing Float,https://doi.org/10.1007/springerreference_2245,,,reference-entry,,,2026-09-28T09:57:19.049936+00:00,B
e66936ce40113059,crossref,Ctesibius float mechanism,FREE Float,https://doi.org/10.1007/springerreference_5566,,,reference-entry,,,2026-09-28T09:57:19.049949+00:00,B
77d7a772e31f5a3f,crossref,Ctesibius float mechanism,Float operated valves,https://doi.org/10.3403/30310922,,,standard,,,2026-09-28T09:57:19.049960+00:00,B
f35f0e8dc587d3ee,crossref,Ctesibius siphon clock,siphon recorder,https://doi.org/10.1007/springerreference_24969,,,reference-entry,,,2026-09-28T09:57:21.414330+00:00,B
4b2d446860571316,crossref,Ctesibius siphon clock,"Rice. 9. Drainage siphon-manometer, a — ductus hepaticus, b — duodenum, c — drainage-siphon, d — drainage-manometer.",https://doi.org/10.17816/kazmj80286-44912,,,component,,,2026-09-28T09:57:21.414351+00:00,B
bcd32ba381b99562,crossref,Ctesibius siphon clock,Siphon,https://doi.org/10.1163/1574-9347_dnp_e1114090,,,dataset,,,2026-09-28T09:57:21.414370+00:00,B
aa6044a7871b606e,crossref,Ctesibius siphon clock,"National Siphon Effect: Theoretical Framework, Empirical Test in International Trade and Anti-Siphon Mechanism",https://doi.org/10.2139/ssrn.6574839,BOYA DENG,2026,posted-content,,,2026-09-28T09:57:21.414395+00:00,B
bd252310293e4ff9,crossref,Ctesibius siphon clock,"siphon, n.",https://doi.org/10.1093/oed/8691677349,,2026,book-chapter,,,2026-09-28T09:57:21.414410+00:00,B
861b714770877ad0,crossref,Ctesibius siphon clock,Siphon,https://doi.org/10.1163/1574-9347_bnp_e1114090,,,dataset,,,2026-09-28T09:57:21.414423+00:00,B
d800e3312a81c795,crossref,Ctesibius siphon clock,"siphon, v.",https://doi.org/10.1093/oed/5253208777,,2023,book-chapter,,,2026-09-28T09:57:21.414435+00:00,B
b02f80fcf6424e09,crossref,Ctesibius siphon clock,TINJAUAN KEMBALI DISAIN SIPHON BARU CIBEET DI BTB 23/ PENGGANTIAN BARREL SIPHON BETON KE PIPA HDPE (Revised Design for New Cibeet Siphon at BTb.23/Replacement of The Reinforced Concrete Siphon Barrel Structure to HDPE Pipe),https://doi.org/10.37721/kalibrasi.v12i0.347,"Indra Budi, Welli Juli Putra Gea, dan Silviati",2018,journal-article,,,2026-09-28T09:57:21.414449+00:00,B
940905269353a7c4,crossref,Ctesibius siphon clock,"siphon-, comb. form",https://doi.org/10.1093/oed/2015415741,,2025,book-chapter,,,2026-09-28T09:57:21.414464+00:00,B
e27a317682af1ab7,crossref,Ctesibius siphon clock,"Würtemberg siphon, n.",https://doi.org/10.1093/oed/5758200404,,2023,book-chapter,,,2026-09-28T09:57:21.414478+00:00,B
2be3a4118ad08801,crossref,Ctesibius siphon clock,Siphon downflow hanging sponge (Siphon-DHS) reactor with an influent bypass system for improved simultaneous nitrification–denitrification efficiency,https://doi.org/10.2139/ssrn.5472274,Shehani Maheepala; Masashi Hatamoto; Takahiro Watari; Takashi Yamaguchi,2025,posted-content,,,2026-09-28T09:57:21.414499+00:00,B
bfa8c621044959d3,crossref,Ctesibius siphon clock,Spill-SOS: Self-Pumping Siphon-Capillary Oil Recovery,https://doi.org/10.1021/acsnano.9b05703.s001,,,component,,,2026-09-28T09:57:21.414516+00:00,B
8bc70dfced6dd782,crossref,Ctesibius siphon clock,"thermo-siphon, n.",https://doi.org/10.1093/oed/8773943800,,2023,book-chapter,,,2026-09-28T09:57:21.414529+00:00,B
58be9233c1f0f7c8,crossref,Ctesibius siphon clock,Siphon,https://doi.org/10.1007/0-306-48380-7_3926,,,book-chapter,,,2026-09-28T09:57:21.414542+00:00,B
0c24df48e44de043,crossref,Ctesibius siphon clock,Spill-SOS: Self-Pumping Siphon-Capillary Oil Recovery,https://doi.org/10.1021/acsnano.9b05703.s002,,,component,,,2026-09-28T09:57:21.414553+00:00,B
e8f8092791071e0b,crossref,Ctesibius siphon clock,Siphon breaker design requirements,https://doi.org/10.2172/6623426,D.T. Neill; A.G. Stephens,1993,report,,,2026-09-28T09:57:21.414566+00:00,B
3855eda5d982b84e,openalex,Ctesibius hydraulic regulator,Premium quality hydraulic oils,https://doi.org/10.18690/978-961-286-513-9.19,Milan Kambič,2021,academic_work,,"The base of the final product is the base oil. The final product is ready for use and is a mixture of base oil (or several base oils) and additives. Additives improve the properties of the base oil. Base oils can be mineral or synthetic based. Base oils or base stocks are created from separating and cleaning up crude oil. They are one of several liquid components that are created from crude oil. The crude oil refining process will be briefly described. The American Petroleum Institute implemented a system for describing various base oil types. The result was the development and introduction of base oils group numbers. The API numbers of various base oil groups and the main differences between them will be explained. At the end, premium quality hydraulic oil and its main characteristics will be presented.",2026-09-28T09:57:25.815457+00:00,B
e61bcc2e40a0297d,openalex,Ctesibius hydraulic regulator,"Roadmap on soft robotics: multifunctionality, adaptability and growth without borders",https://doi.org/10.1088/2399-7532/ac4c95,Barbara Mazzolai; Alessio Mondini; Emanuela Del Dottore; Laura Margheri; Federico Carpi; Koichi Suzumori; Matteo Cianchetti; Thomas Speck; Stoyan K. Smoukov; Ingo Burgert; Tobias Keplinger; Gilberto De Freitas Siqueira; Félix Vanneste; Olivier Goury; Christian Duriez; Thrishantha Nanayakkara; Bram Vanderborght; Joost Brancart; Seppe Terryn; Steven I. Rich; Ruiyuan Liu; Kenjiro Fukuda; Takao Someya; Marcello Calisti; Cecilia Laschi; Wenguang Sun; Gang Wang; Li Wen; Robert L. Baines; Sree Kalyan Patiballa; Rebecca K. Kramer-Bottiglio; Daniela L. Rus; Peer Fischer; Friedrich Christian Simmel; Andreas Lendlein,2022,academic_work,,"Abstract Soft robotics aims at creating systems with improved performance of movement and adaptability in unknown, challenging, environments and with higher level of safety during interactions with humans. This Roadmap on Soft Robotics covers selected aspects for the design of soft robots significantly linked to the area of multifunctional materials, as these are considered a fundamental component in the design of soft robots for an improvement of their peculiar abilities, such as morphing, adaptivity and growth. The roadmap includes different approaches for components and systems design, bioinspired materials, methodologies for building soft robots, strategies for the implementation and control of their functionalities and behavior, and examples of soft-bodied systems showing abilities across different environments. For each covered topic, the author(s) describe the current status and research directions, current and future challenges, and perspective advances in science and technology to meet the challenges.",2026-09-28T09:57:25.815499+00:00,B
a8e2f5af38d06474,openalex,Ctesibius hydraulic regulator,Egyptian and Greek Water Cultures and Hydro-Technologies in Ancient Times,https://doi.org/10.3390/su12229760,Abdelkader Tawfeek Ahmed; Fatma A. El‐Gohary; Vasileios A. Tzanakakis; Andreas N. Angelakιs,2020,academic_work,,"Egyptian and Greek ancient civilizations prevailed in eastern Mediterranean since prehistoric times. The Egyptian civilization is thought to have been begun in about 3150 BC until 31 BC. For the ancient Greek civilization, it started in the period of Minoan (ca. 3200 BC) up to the ending of the Hellenistic era. There are various parallels and dissimilarities between both civilizations. They co-existed during a certain timeframe (from ca. 2000 to ca. 146 BC); however, they were in two different geographic areas. Both civilizations were massive traders, subsequently, they deeply influenced the regional civilizations which have developed in that region. Various scientific and technological principles were established by both civilizations through their long histories. Water management was one of these major technologies. Accordingly, they have significantly influenced the ancient world’s hydro-technologies. In this review, a comparison of water culture issues and hydro-structures was adopted through the extended history of the ancient Egyptians and Greeks. The specific objectives of the work are to study the parallel historical cultures and hydro-technologies, assessing similarities and differences, and to analyze their progress since primitive times. The tools adopted for the research include visits to historical aeras and museums, comments, consultations, correlation and exhibitions available in the cyberspace. Review results herein showed that dams and canals were constructed in ancient Egypt to manage the flood of the Nile river and develop irrigation systems from ca. 6000 BC. In the second millennium BC, Minoans managed the flow of the streams via two dams, to protect arable land from destruction after intense rainfall and to irrigate their farms. Additional results showed that ancient Egyptians and Greeks invented many devices for lifting water for plant irrigation such as the shadouf, sakia and tympanum and pumps, of which some were already in use in Mesopotamia for irrigating small plots. The ancient Egyptians were the first who discovered the principle and the basis of coagulation (after ca. 1500 BC). They used the alum for accelerating the settlement of the particles. Additionally, the ancient Greeks developed several advanced water treatment technologies since the prehistoric times. To sum up, the study captured many similarities between two civilizations in water technologies. In addition, it confirmed the sustainability and durability of several of those hydro-technologies since they are still in use up to now in many places.",2026-09-28T09:57:25.815523+00:00,B
2b65d3db7460e6a4,openalex,Ctesibius hydraulic regulator,PLAY OF WATER AND FUNCTION IN THE MEDITERRANEAN,https://doi.org/10.2495/iha220111,Adriana de Miranda,2022,academic_work,,"Water is of great importance for life and culture in the Mediterranean.In the early Muslim age, with the advent of Islamic technology, different historical types of water devices developed in the Mediterranean basin, making use of the aesthetic and psychological potential of water.This paper focuses on hydraulic automata, particularly ""surprising"" fountains, as devices that were very popular in the Islamic courts.The hydraulic mechanism, hidden in the device, was able, through the application of physical principles, to amaze people because of the spectacular water movement it created.The exceptional knowledge of the Greek engineer's mechanical application has played a fundamental role in the evolvement of the hydraulic automata from the Hellenistic Society to the Islamic Age, and has been essential for the development of innovative methods.By establishing a picture of the development of the studies that led to the creation of these wonderful mechanisms in the Islamic Golden Age, the paper will also attempt to underline the fact the hydraulic automata sustain a significant position in the history of Islamic fine technology.",2026-09-28T09:57:25.815567+00:00,B
a9c9e36f9e5ec354,openalex,Ctesibius hydraulic regulator,Historical development of water-powered mechanical clocks,https://doi.org/10.5194/ms-12-203-2021,Zheng-Hui Hwang; Hong-Sen Yan; Tsung-Yi Lin,2021,academic_work,,"Abstract. This article examines the historical development of ancient water-powered mechanical clocks. The study begins with a comprehensive analysis and comparison of the different types of ancient clepsydra, their use and development and the development of their feedback systems, power systems, and time-reporting systems. Before becoming mechanized, water clocks (clepsydra) were mainly used for astronomical timekeeping, during religious sacrifices, for military affairs, court litigation timekeeping, and the time allocation of water rights. The invention of the feedback system in the 3rd century before common era (BCE) opened the door to the mechanization of water clocks. The float is the earliest power-driven element. In the 8th century, the emergence of waterwheels with timing functions in water-powered mechanical clocks prompted ancient China to develop water-powered mechanical clocks with waterwheel steelyard clepsydra devices, time-reporting devices, astronomical demonstration devices, and multiple time-reporting wooden pavilions. After the 13th century, mechanical clocks started to integrate elements from Chinese and Western cultures. In addition to the development of new styles of water-powered mechanical clocks in ancient China, the Western mercury wheels with timing functions evolved into compartmented cylindrical mercury clocks.",2026-09-28T09:57:25.815587+00:00,B
97913572a609fcc4,openalex,Ctesibius hydraulic regulator,Commons-based science and research and the privatization of its fruits: the robotics paradigm,https://doi.org/10.3917/jie.012.0175,Nikos Aspragathos,2013,academic_work,,"This paper deals with the contradiction between the inherent accumulative socialized production of the scientific and technological knowledge and the privatization and commercialization of the results. The evolution of the technological knowledge is based on the humanity heritage from mythology and a great variety of disciplines such as art, craft, science, engineering as well as the collective efforts of artists, scientists, engineers, technicians and workers, that is called socialized knowledge production. The controversial issue on the justification of the strengthening the Intellectual Property (IP) protection legislation is considered to show that the aforementioned critical contradiction is underestimated by both sides of supporters and opponents of the IP regime.JEL Codes: L63, O31, O33, O34",2026-09-28T09:57:25.815607+00:00,B
20e966c24999092d,openalex,Ctesibius hydraulic regulator,Microfluidic Reduction of Osmotic Stress in Oocyte and Zygote Vitrification.,http://hdl.handle.net/2027.42/107056,David Lai,2014,academic_work,,"Microfluidic cryoprotectant exchange enables vitrification of murine zygotes with superior morphology as indicated by a smoother cell surface and higher developmental competence compared to conventional methods. Bovine oocyte vitrification also benefit as evidenced by higher lipid retention. Experimental observations and mathematical analysis demonstrate that the microfluidic advantage arise predominantly from eliminating high shrinkage rates associated with abrupt and uneven exposure to vitrification solutions that readily occur in current manual protocols. The microfluidic cryoprotectant exchange method described has immediate applications for improving animal and human oocyte, zygote, and embryo cryopreservation. On a fundamental level, the clear demonstration that at the same minimum cell volume, cell shrinkage rate affects sub-lethal damage should be broadly useful for cryobiology.",2026-09-28T09:57:25.815625+00:00,E
d5977e94e5457d91,openalex,Ctesibius hydraulic regulator,Optimal PID settings for first and second-order processes - Comparison with different controller tuning approaches,http://hdl.handle.net/11250/2413335,Iosif S. Pappas,2016,academic_work,,"PID controllers are extensively used in industry. Although many tuning methodologies exist, finding good controller settings is not an easy task and frequently optimization-based design is preferred to satisfy more complex criteria. In this thesis, the focus was to find which tuning approaches, if any, present close to optimal behavior.\n\nPareto-optimal controllers were found for different first and second-order processes with time delay. Performance was quantified in terms of the integrated absolute error, while robustness was defined as the maximum peak of the sensitivity function. Ideal PID controllers were used to create SIMC, K-SIMC and optimal tuning curves. As for the FOPTD, the SIMC performed close to the optimal for the whole robustness region. On the other hand, the K-SIMC settings performed well and outperformed the SIMC at the less robust region. That is due to the fact, that the K-SIMC rules suggest a PI controller for small values of the sensitivity peak. When it comes to the SOPTD, the SIMC and the K-SIMC were almost identical performance-wise. However, when the time delay is relatively small the I-SIMC tunings should be chosen. If higher-order models are required to be approximated as a first or second-order process with time delay, the half rule approximations achieved superior results when compared to the K-SIMC approximations. \n\n\nFurthermore, SIMC, K-SIMC and optimal controllers were found for a given process and for specified robustness. The K-SIMC rules suggested a PI controller, instead of the PID controllers which were suggested by the other two tuning approaches. The controllers were applied to models, which had slightly different characteristics than the original process. The PI controller handled a wider variety of processes. However, similar results would have been derived for a PI SIMC or for an optimal PI controller.\n\n\nIn addition, two other tuning approaches were investigated. Firstly, the Syrcos & Kookos settings were found and compared with the optimal and the SIMC. The former methodology showcased very satisfactory results, which could be proven to be more beneficial than the SIMC for processes with relatively large time delay. Secondly, the MATLAB Tuning Toolbox was used to find balanced controllers, in terms of performance and robustness. First and second-order processes with varying time delay values were examined. Although the Tuning Toolbox presented acceptable results, it should not be used for small time delay values due to the low proportional gain and the absence of derivative action of the controller.\n\n\nFinally, optimal, SIMC and K-SIMC controllers were tested on the thermal/optimal plant uDAQ28/LT, where only the temperature was the measured variable. The process was approximated as an integrating process and due to the high input usage and the small compensation from the use of derivative action, a PI controller is the most advantageous available choice.",2026-09-28T09:57:25.815649+00:00,E
1467814325ce12de,openalex,Ctesibius hydraulic regulator,"The effects of centrifugal blowers, control valves, attenuating devices and reservoir resonance on organ pipe flutter",http://usir.salford.ac.uk/id/eprint/49776/7/Alan%20J%20Taylor%20Thesis%20Final_Red.pdf,A. T. Taylor,2019,academic_work,,"The aim of this research is to investigate the noticeable organ pipe flutter that may, under certain conditions, exist on a sounding organ pipe. The effectiveness of a pipe organ wind system is notoriously difficult to predict. For many years pipe organ builders have been aware of organ pipe flutter and several have tried to address the problem with little success. For pureness of tone it is important that the wind system is perfectly steady and without any imperfections that may cause organ pipe flutter. A survey of 83 UK pipe organs, was conducted by 8 organ tuners, confirms that 57% of the pipe organs surveyed had organ pipe flutter. Organ pipe flutter is particularly noticeable when tuning pipework or playing single notes. During this condition there is “no flow” in the duct connecting the blower to the reservoir. Using a specially constructed test apparatus, built from pipe organ components, this research examines the conditions necessary to produce organ pipe flutter, and how organ pipe flutter may be eliminated. Employing a microphone to measure a sounding test organ pipe and an accelerometer to measure the vibration of a reservoir top, various pipe organ wind system elements are examined and correlated with the excitation and attenuation of the reservoir top vibration and organ pipe flutter. The reservoir acts as a mass spring system. For weighted wind systems the mechanical mass, which may exceed 100kgs, is the dominant factor. For sprung reservoir wind systems, the mass is approximately 25% of that for a weighted system and is less dominant. Results indicate that under certain conditions, the blower excites the reservoir at its natural resonant frequency with sufficient amplitude to cause unwanted amplitude modulation on a sounding organ pipe. Results are systematically presented for weighted and sprung reservoir wind systems, organ blowers and the effects of blade frequencies, reservoir control valves, and attenuating devices inserted between the blower and the reservoir, to determine their effect on reservoir top vibration and the development of organ pipe flutter. With this knowledge, the pipe organ builder will be able to build pipe organs with improved wind systems and flutter free pipework.",2026-09-28T09:57:25.815692+00:00,E
7785f0f5ce6600d5,openalex,Ctesibius hydraulic regulator,"Formation of professional and pedagogical competence and development of professional skills of specialists in the field of preschool, primary, general secondary and higher education with integration into the European educational space:",https://doi.org/10.58246/wbyr8598,,2024,academic_work,,"In the context of dynamic changes in all spheres of public life, including education, new requirements are being put forward for the professional competencies of teachers of all levels, from preschool and primary to general secondary, vocational pre-secondary, vocational and higher education. At the same time, the conditions of uncertainty and challenges of our time require not only professional skills, but also cross-cutting (transversal) competencies that allow teachers to succeed both in their professional activities and in everyday life. Accordingly, the issue of finding innovative ways to improve pedagogical skills and develop professional and pedagogical competencies of educational service providers and ensuring conditions for their continuous professional development is becoming more relevant. One of the ways of continuous professional development of teachers is the study and creative implementation of positive conceptual ideas and achievements of foreign experience in the practice of domestic educational institutions. Ukraine's European integration has opened wide opportunities for the internationalization of education and the organization of international cooperation between Ukrainian and Polish higher education institutions, primarily the development of academic mobility of academic staff to study the best achievements of Polish experience in providing quality educational services to students at different levels of the educational system. The combination in the collective monograph of the main aspects and modern scientific and theoretical approaches to the actual problems of education and development of preschoolers; students of primary, basic and senior school education; students of institutions of professional pre-higher and higher education creates an opportunity to understand the holistic perception of the continuity of education. In particular, the monograph raises the issues of analyzing the provision of adequate motor experience of preschool children in the modern educational process; the main pedagogical means of forming the national and linguistic personality of a preschool child; upbringing of preschool children in the conditions of the information society; methodological aspects of the introduction of lego technologies as a means of developing constructive modeling activities of preschool children; the potential of visual technologies in correctional work with preschool children with severe speech disorders; peculiarities and specifics of social development of children of senior preschool age with hearing impairment. The authors draw attention to the methodological aspects of collective play as a means of positive social adaptation of first-graders to school conditions; models of developing creativity of primary school students in English lessons using the method of collective learning; the use of cognitive-emotional tasks and environmental games in the formation of environmentally appropriate 7 behavior of primary school students; formation of a healthy lifestyle of primary school students using health technologies. Important are the analysis of the use of media literature as a subject of research and a project forming definition in an educational research and pedagogical project; organization of communication activities as a means of forming speech competence; technology of education of intellectually gifted students in out-of-school education institutions; psychological well-being as a factor in the academic performance of students of higher education institutions; dynamics of social pedagogy development in Ukraine; development of social creativity of future social workers; the potential of event technologies in the process of forming the corporate culture of higher education students; professional training of future vocational teachers in the context of digitalization of education; the use of multimedia in the training of future teachers for environmental and valeological education of preschool children; development of emotional intelligence of future primary school teachers; peculiarities of trust in adolescent students; implementation of a student-centered approach in higher education; teaching of natural sciences in the system of distance education; formation of engineering thinking in historical retrospect; theoretical and methodological aspects of the formation of professional, pedagogical, and communicative competence at the undergraduate level and development of professional skills of specialists in the process of postgraduate education. The practical implementation of the integration of Polish-Ukrainian cooperation into the European educational space took place thanks to the international internship of Ukrainian research and teaching staff at the International Academy of Applied Sciences in Łomża, the results of which are also highlighted in the presented monograph on the basis of scientific approaches, analysis of scientific sources, personal observations and professional experience.",2026-09-28T09:57:25.815745+00:00,B
9a23b9afe62549a4,crossref,Ctesibius hydraulic regulator,Fig. 3. Principle hydraulic diagram of the electrically controlled regulator.,https://doi.org/10.17816/0321-4443-375295-2308658,,,component,,,2026-09-28T09:57:26.507646+00:00,B
ce47840bbe7c0085,crossref,Ctesibius hydraulic regulator,Regulator for Hydraulic Rams,https://doi.org/10.1038/scientificamerican10261850-44a,,1850,journal-article,,,2026-09-28T09:57:26.507676+00:00,B
c18bb88641ad33c6,crossref,Ctesibius hydraulic regulator,Pitcher's Hydraulic Motion Regulator,https://doi.org/10.1038/scientificamerican08111849-369f,,1849,journal-article,,,2026-09-28T09:57:26.507691+00:00,B
cc5f4d8250e4453f,crossref,Ctesibius hydraulic regulator,MATHEMATICAL MODELING OF THE DYNAMIC PERFORMANCE OF A PNEUMATIC ACTUATOR WITH A PROPORTIONAL PRESSURE REGULATOR,https://doi.org/10.20998/2411-3441.2026.1.03,Mariana Stryzhak; Reshad Hasanov,2026,journal-article,,,2026-09-28T09:57:26.507706+00:00,B
ca4024bd4e86421d,crossref,Ctesibius hydraulic regulator,Theoretical studies and mathematical model of the gate opening time on the hydraulic model of the water level regulator,https://doi.org/10.32347/2524-0021.2025.51.4-11,Oleksandr Bohush,2025,journal-article,,,2026-09-28T09:57:26.507730+00:00,B
a2ba7990b5bc1874,crossref,Ctesibius hydraulic regulator,HYDRAULIC SYSTEM AND HYDRAULIC ACTUATORS WITH THE AUTOMATIC REGULATOR OF THE LIQUID CONSUMPTION AND RESEARCH OF THEIR FUNCTIONING,https://doi.org/10.52261/02346206_2022_2_51,Farit Davletovich Bairamov; Bulat Faritovich Bairamov,2022,journal-article,,,2026-09-28T09:57:26.507745+00:00,B
851d7e5ede08d35e,crossref,Ctesibius hydraulic regulator,Air column of pressure hydrocyclone with pneumatic regulator,https://doi.org/10.32347/2524-0021.2021.36.4-10,Yuri Kopanytsia,2021,journal-article,,,2026-09-28T09:57:26.507758+00:00,B
811942f234969765,crossref,Ctesibius hydraulic regulator,"Hydraulic Fracturing 101: What Every Representative, Environmentalist, Regulator, Reporter, Investor, University Researcher, Neighbor, and Engineer Should Know About Hydraulic Fracturing Risk",https://doi.org/10.2118/0412-0034-jpt,George E. King,2012,journal-article,,,2026-09-28T09:57:26.507771+00:00,B
ba3b0f611a679d87,crossref,Ctesibius hydraulic regulator,Impacts of multi-gate regulator operation schemes on local scour downstream,https://doi.org/10.1080/09715010.2018.1511386,Hamdy Elsayed; Esam Helal; Moustafa El-Enany; Mohamed Sobeih,2018,journal-article,,,2026-09-28T09:57:26.507785+00:00,B
1147dddf0bd5b584,crossref,Ctesibius hydraulic regulator,Switching Multi-regulator Control of Electro-Hydraulic Servo System,https://doi.org/10.1109/icai63388.2024.10851670,Georgi Mihalev; Stanimir Yordanov; Krasimir Ormandzhiev,2024,proceedings-article,,,2026-09-28T09:57:26.507797+00:00,B
87ef451e4c40de22,crossref,Ctesibius hydraulic regulator,"Hydraulic Fracturing 101: What Every Representative, Environmentalist, Regulator, Reporter, Investor, University Researcher, Neighbor and Engineer Should Know About Estimating Frac Risk and Improving Frac Performance in Unconventional Gas and Oil Wells.",https://doi.org/10.2118/152596-ms,George E. King,2012,proceedings-article,,,2026-09-28T09:57:26.507810+00:00,B
eade1e22a227b7fa,crossref,Ctesibius hydraulic regulator,Hydraulic automatic regulator of level with flexible working bodies,https://doi.org/10.1051/e3sconf/202126403039,Mukaddas-Gaukhar Kadirova,2021,journal-article,,,2026-09-28T09:57:26.507833+00:00,B
7cf1206dc109a6cf,crossref,Ctesibius hydraulic regulator,Research into the flow regulator of the hydraulic power steering,https://doi.org/10.53078/20778481_2010_3_15,V.I. Mrochek; T.V. Mrochek; S.V. Rozov,2010,journal-article,,,2026-09-28T09:57:26.507846+00:00,B
a764d323967fc51d,crossref,Ctesibius hydraulic regulator,Investigation of a Hydraulic System with a Flow Regulator,https://doi.org/10.1109/icieam69213.2026.11549631,Vladimir Antonenko; Vyacheslav Grishchenko; Elena Kolganova,2026,proceedings-article,,,2026-09-28T09:57:26.507862+00:00,B
e809e05a16d178b3,crossref,Ctesibius hydraulic regulator,Design of a Nonlinear Position Regulator for Cooperating Hydraulic Manipulators Handling a Rigid Object,https://doi.org/10.1115/imece2004-61241,Hairong Zeng; Nariman Sepehri,2004,proceedings-article,,,2026-09-28T09:57:26.507875+00:00,B
a877877f8e3607cd,crossref,Ctesibius water pressure regulation,Pressure Regulation vs. Water Aging in Water Distribution Networks,https://doi.org/10.3390/w12051323,Menelaos Patelis; Vasilis Kanakoudis; Anastasia Kravvari,2020,journal-article,,,2026-09-28T09:57:28.046030+00:00,B
25de05a1aaba5163,crossref,Ctesibius water pressure regulation,Electric power generation via pressure regulation in water distribution systems,https://doi.org/10.12681/eadd/59019,Άδμητος Μπιδέρης-Δάβος,,dissertation,,,2026-09-28T09:57:28.046048+00:00,B
57dffd097ac14f3c,crossref,Ctesibius water pressure regulation,Optimal Pressure Regulation in Water Distribution Systems Based on an Extended Model for Pressure Reducing Valves,https://doi.org/10.1007/s11269-016-1223-z,Pham Duc Dai; Pu Li,2016,journal-article,,,2026-09-28T09:57:28.046075+00:00,B
25a97087a0016786,crossref,Ctesibius water pressure regulation,Frequency pressure regulation in water supply systems,https://doi.org/10.2166/ws.2013.088,Ivan Halkijevic; Zivko Vukovic; Drazen Vouk,2013,journal-article,,,2026-09-28T09:57:28.046090+00:00,B
c545eea232a1a523,crossref,Ctesibius water pressure regulation,Internalizing Externalities through Public Pressure: Transparency Regulation for Fracking and Water Quality,https://doi.org/10.3386/w30842,Pietro Bonetti; Christian Leuz; Giovanna Michelon,2023,report,,,2026-09-28T09:57:28.046104+00:00,B
e6b972d348b6a558,crossref,Ctesibius water pressure regulation,Internalizing Externalities through Public Pressure: Transparency Regulation for Fracking and Water Quality,https://doi.org/10.2139/ssrn.4328692,Pietro Bonetti; Christian Leuz; Giovanna Michelon,2023,posted-content,,,2026-09-28T09:57:28.046118+00:00,B
6ca346a1a8bd9eec,crossref,Ctesibius water pressure regulation,Internalizing Externalities through Public Pressure: Transparency Regulation for Fracking and Water Quality,https://doi.org/10.2139/ssrn.4171246,Pietro Bonetti; Christian Leuz; Giovanna Michelon,2026,posted-content,,,2026-09-28T09:57:28.046131+00:00,B
4183ab85c3b0ed9d,crossref,Ctesibius water pressure regulation,"Internalizing Externalities through Public Pressure: Transparency Regulation for Fracking, Drilling Activity and Water Quality",https://doi.org/10.2139/ssrn.4325035,Pietro Bonetti; Christian Leuz; Giovanna Michelon,2023,posted-content,,,2026-09-28T09:57:28.046153+00:00,B
f4cda0f2aaa8dccc,crossref,Ctesibius water pressure regulation,Internalizing Externalities through Public Pressure: Transparency Regulation for Fracking and Water Quality,https://doi.org/10.67929/ecgi-law-676-2023,Pietro Bonetti; Christian Leuz; Giovanna Michelon,2023,posted-content,,,2026-09-28T09:57:28.046194+00:00,B
f717e6d9d8459d70,crossref,Ctesibius water pressure regulation,The Surge Tank in Water Power Plants: A Device for Aid in Speed Regulation and Pressure Relief in Water Powers With Long Pressure Pipes and High Velocities,https://doi.org/10.1115/1.4060280,Raymond D. Johnson,1908,journal-article,,,2026-09-28T09:57:28.046209+00:00,B
0af63ffbe5e5d997,crossref,Ctesibius water pressure regulation,HYPER: Computer-Assisted Optimal Pump-as-Turbine (PAT) Selection for Microhydropower Generation and Pressure Regulation in a Water Distribution Network (WDN),https://doi.org/10.3390/w15152807,Gustavo Marini; Francesco Di Menna; Marco Maio; Nicola Fontana,2023,journal-article,,,2026-09-28T09:57:28.046223+00:00,B
ccba741e6740231f,crossref,Ctesibius water pressure regulation,Efficient Optimization of Pressure Regulation in Water Distribution Systems Using a New-Relaxed Pressure Reducing Valve Model,https://doi.org/10.15625/2525-2518/56/4/10571,Dai Duc Pham,2018,journal-article,,,2026-09-28T09:57:28.046237+00:00,B
3fa5266c0e957a08,crossref,Ctesibius water pressure regulation,Optimal Placement and Regulation of Pressure Reducing Valves in Water Distribution Systems to Water Leakage Reduction,https://doi.org/10.1109/ecai52376.2021.9515075,Pham Duc Dai,2021,proceedings-article,,,2026-09-28T09:57:28.046251+00:00,B
3823e2065506c18b,crossref,Ctesibius water pressure regulation,Co-optimization of power and water distribution systems for simultaneous hydropower generation and water pressure regulation,https://doi.org/10.1016/j.egyr.2024.02.041,Admitos A. Bideris-Davos; Panagis N. Vovos,2024,journal-article,,,2026-09-28T09:57:28.046267+00:00,B
0c81063d7e7a542c,crossref,Ctesibius water pressure regulation,A deeper dip? Hot‐water immersion and nocturnal blood pressure regulation,https://doi.org/10.1113/ep093711,Brendon H. Roxburgh; Kate N. Thomas,2026,journal-article,,,2026-09-28T09:57:28.046285+00:00,B
ddd6969d16a827d1,crossref,Ctesibius water pressure regulation,"&lt;div&gt;
 Internalizing Externalities through Public Pressure: Transparency Regulation for Fracking and Water Quality
&lt;/div&gt;",https://doi.org/10.2139/ssrn.4959265,Pietro Bonetti; Christian Leuz; Giovanna Michelon,2024,posted-content,,,2026-09-28T09:57:28.046302+00:00,B
258792b7fb5c9902,crossref,Ctesibius gears clock,Anesthetics and Circadian Regulation:“Hands” or “Gears” of the Clock?,https://doi.org/10.1097/aln.0b013e3181eaa5ab,Matthias Eikermann; Nancy L. Chamberlin,2010,journal-article,,,2026-09-28T09:57:29.998116+00:00,B
8bd53d3b1ce12901,crossref,Ctesibius gears clock,Anesthetics and Circadian Regulation:“Hands” or “Gears” of the Clock?,https://doi.org/10.1097/aln.0b013e3181eb01c6,Garance Dispersyn; Laure Pain; Yvan Touitou,2010,journal-article,,,2026-09-28T09:57:29.998137+00:00,B
178066999f1f323e,crossref,Ctesibius gears clock,Eating Rewards the Gears of the Clock,https://doi.org/10.1016/j.tem.2019.03.001,Jorge Mendoza,2019,journal-article,,,2026-09-28T09:57:29.998155+00:00,B
8c4f6d619ace7b45,crossref,Ctesibius gears clock,Speed control: cogs and gears that drive the circadian clock,https://doi.org/10.1016/j.tins.2012.05.007,Xiangzhong Zheng; Amita Sehgal,2012,journal-article,,,2026-09-28T09:57:29.998202+00:00,B
47e88296126d98d0,crossref,Ctesibius gears clock,Conserved signaling gears that sustain circadian clock robustness,https://doi.org/10.1016/j.tibs.2025.06.013,Felipe Muñoz-Guzmán; Luis F. Larrondo,2025,journal-article,,,2026-09-28T09:57:29.998217+00:00,B
739293a8ffb3aabe,crossref,Ctesibius gears clock,Clockless Yeast and the Gears of the Clock: How Do They Mesh?,https://doi.org/10.1177/074873001129002204,Ruben Baler,2001,journal-article,,,2026-09-28T09:57:29.998231+00:00,B
934f73e7088ee7f6,crossref,Ctesibius gears clock,Shifting nanoscopic clock gears,https://doi.org/10.1038/nsmb0507-362,Susan S Golden; Vincent M Cassone; Andy LiWang,2007,journal-article,,,2026-09-28T09:57:29.998253+00:00,B
3057bde1a7f3df67,crossref,Ctesibius gears clock,Meshing the gears of the cyanobacterial circadian clock,https://doi.org/10.1073/pnas.0405623101,Susan S. Golden,2004,journal-article,,,2026-09-28T09:57:29.998266+00:00,B
9b13fe0d79fbe416,crossref,Ctesibius gears clock,Erratum: Corrigendum: Shifting nanoscopic clock gears,https://doi.org/10.1038/nsmb0607-568b,Susan S Golden; Vincent M Cassone; Andy LiWang,2007,journal-article,,,2026-09-28T09:57:29.998278+00:00,B
afcce6ed7aefa3be,crossref,Ctesibius gears clock,The clock project: gears as visual-tangible representations for mathematical concepts,https://doi.org/10.1007/s10798-009-9104-x,Alejandro Andrade,2009,journal-article,,,2026-09-28T09:57:29.998291+00:00,B
7dcf1c6e6816f458,crossref,Ctesibius gears clock,Gears for instruments and clockwork mechanisms. Cycloidal type gears.,https://doi.org/10.3403/00068962u,,,standard,,,2026-09-28T09:57:29.998304+00:00,B
d18f90009084210c,crossref,Ctesibius gears clock,Gears for instruments and clockwork mechanisms. Cycloidal type gears.,https://doi.org/10.3403/00068998,,,standard,,,2026-09-28T09:57:29.998317+00:00,B
3aaeec41826ca752,crossref,Ctesibius gears clock,Specification for fine pitch gears,https://doi.org/10.3403/00069015u,,,standard,,,2026-09-28T09:57:29.998329+00:00,B
9c251b331e0cb7a5,crossref,Ctesibius gears clock,Specification for fine pitch gears,https://doi.org/10.3403/00069015,,,standard,,,2026-09-28T09:57:29.998341+00:00,B
4782816771b88a13,crossref,Ctesibius gears clock,Gears � Calculation of load capacity of worm gears,https://doi.org/10.3403/30397077u,,,standard,,,2026-09-28T09:57:29.998354+00:00,B
89cecd2a2a3d9ade,crossref,Ctesibius gears clock,Specification for fine pitch gears,https://doi.org/10.3403/00068962,,,standard,,,2026-09-28T09:57:29.998369+00:00,B
7c24a335b163eaaa,crossref,Ctesibius seasonal hours,Babylonian Seasonal Hours,https://doi.org/10.1111/j.1600-0498.1989.tb00843.x,Francesca Rochberg-Halton,1989,journal-article,,,2026-09-28T09:57:32.016971+00:00,B
dbae98c53549c82c,crossref,Ctesibius seasonal hours,Seasonal Variations in Rain Hours at Toronto,https://doi.org/10.1080/00431672.1961.9925110,J. P. Bruce; B. S. V. Cudbird,1961,journal-article,,,2026-09-28T09:57:32.016999+00:00,B
cf4337c308fb4ed1,crossref,Ctesibius seasonal hours,Chapter Eight. Babylonian Seasonal Hours,https://doi.org/10.1163/ej.9789004183896.i-445.26,F. Rochberg,2010,book-chapter,,,2026-09-28T09:57:32.017013+00:00,B
94ee90782663ef3f,crossref,Ctesibius seasonal hours,"The Influence of Seasonal Cloud Cover, Ambient Temperature and Seasonal Variations in Daylight Hours on the Optimal PV Panel Tilt Angle in the United States",https://doi.org/10.3390/en15207516,Essa Alhamer; Addison Grigsby; Rydge Mulford,2022,journal-article,,,2026-09-28T09:57:32.017027+00:00,B
e9270f97fbc8ca46,crossref,Ctesibius seasonal hours,Altitude sundials for seasonal and equal hours,https://doi.org/10.1080/00033799600200121,Allan A. Mills,1996,journal-article,,,2026-09-28T09:57:32.017041+00:00,B
6fc4379ea6c83ab8,crossref,Ctesibius seasonal hours,SEAGET: Seasonal and active hours guided graph enhanced transformer for the next POI recommendation,https://doi.org/10.1016/j.array.2025.100385,Alif Al Hasan; Md. Musfique Anwar,2025,journal-article,,,2026-09-28T09:57:32.017054+00:00,B
c5cfd30096ace418,crossref,Ctesibius seasonal hours,Seasonal changes in metabolic rates in muskoxen following twenty- four hours of starvation,https://doi.org/10.7557/2.17.3.1365,James P. Lawler; Robert G. White,1997,journal-article,,,2026-09-28T09:57:32.017067+00:00,B
7a1bf374af8261f9,crossref,Ctesibius seasonal hours,Hourly server workload forecasting up to 168 hours ahead using Seasonal ARIMA model,https://doi.org/10.1109/icit.2012.6210091,V. G. Tran; V. Debusschere; S. Bacha,2012,proceedings-article,,,2026-09-28T09:57:32.017080+00:00,B
7b655a4df466fe1d,crossref,Ctesibius seasonal hours,Workers With Irregular Hours During Seasonal Work Surges,https://doi.org/10.1177/2165079915622458,Patricia Butterfield,2016,journal-article,,,2026-09-28T09:57:32.017093+00:00,B
dea513ce6a7bba64,crossref,Ctesibius seasonal hours,Seasonal change of activity hours of the Seven Is. Thrush,https://doi.org/10.3838/jjo1915.18.85_348,Kazuo Sugizaki,1968,journal-article,,,2026-09-28T09:57:32.017105+00:00,B
d9c3d28acf8346c8,crossref,Ctesibius seasonal hours,"Addressing seasonal and uncertain demand in service companies through a triple labor flexibility strategy based on multiskilling, annualized hours, and overtime",https://doi.org/10.5821/dissertation-2117-452728,Andrés Felipe Porto Solano,,dissertation,,,2026-09-28T09:57:32.017128+00:00,B
0117b683d91ec8a5,crossref,Ctesibius seasonal hours,The quiz on seasonal affective disorder is CME-accredited by Mount Sinai School of Medicine for 3.0 credit hours,https://doi.org/10.1017/s1092852900019635,,2005,journal-article,,,2026-09-28T09:57:32.017142+00:00,B
f45dbf3fb768a005,crossref,Ctesibius seasonal hours,Seasonal variation of world-wide<i>F</i>2 ionization for noon and midnight hours,https://doi.org/10.1029/jz054i002p00177,H. L. Lung,1949,journal-article,,,2026-09-28T09:57:32.017173+00:00,B
d290682af9df9aee,crossref,Ctesibius seasonal hours,"Net Returns for Seasonal Workers Based on a Limited Department of Labour (DOL) Audit of Wages, Hours and Costs/Deductions",https://doi.org/10.26686/lew.v0i0.1642,Sankar Ramasamy,2008,journal-article,,,2026-09-28T09:57:32.017191+00:00,B
1cf24025c813773d,crossref,Ctesibius seasonal hours,Seasonal variation of hours worked in home-based industrial production: Evidence from Sweden 1912,https://doi.org/10.1177/0143831x16662715,Malin Nilsson,2016,journal-article,,,2026-09-28T09:57:32.017205+00:00,B
b268c127366d9a78,crossref,Vitruvius Ctesibius water clock,"Ctesibius, Vitruvius and Leonardo: A Digital Reconstruction of the Water Clockwork Timeline",https://doi.org/10.1007/978-3-030-98499-1_12,Massimo Callegari; Paolo Clini; Luca Carbonari; Renato Angeloni; Mirco D’Alessio; Cecilia Scoccia,2022,book-chapter,,,2026-09-28T09:57:34.176657+00:00,A
9a10bd0cdd0fe156,crossref,Vitruvius Ctesibius water clock,Water,https://doi.org/10.1017/cbo9780511840951.011,,1999,book-chapter,,,2026-09-28T09:57:34.176687+00:00,B
e78f712abf23ada6,crossref,Vitruvius Ctesibius water clock,Making Vitruvius Speak English: Vitruvius and English Architecture up to Vitruvius Britannicus,https://doi.org/10.1163/9789004688704_015,Vaughan Hart,2024,book-chapter,,,2026-09-28T09:57:34.176703+00:00,A
9538cd67897cb85f,crossref,Vitruvius Ctesibius water clock,"Morrison, William Vitruvius",https://doi.org/10.1093/oao/9781884446054.013.90000372198,,2003,reference-entry,,,2026-09-28T09:57:34.176717+00:00,A
6c643f2ef81d25bc,crossref,Vitruvius Ctesibius water clock,Vitruvius and Guarino Guarini,https://doi.org/10.1163/9789004688704_013,Susan Klaiber,2024,book-chapter,,,2026-09-28T09:57:34.176729+00:00,A
be7bcda5e46d4197,crossref,Vitruvius Ctesibius water clock,Vitruvius Pollio,https://doi.org/10.1093/gmo/9781561592630.article.29534,Denise Davidson Greaves,2001,reference-entry,,,2026-09-28T09:57:34.176741+00:00,A
d910dd080af27930,crossref,Vitruvius Ctesibius water clock,Vitruvius and Palladio,https://doi.org/10.1163/9789004688704_022,Francesco Marcorin,2024,book-chapter,,,2026-09-28T09:57:34.176754+00:00,A
022a4a869504ff4a,crossref,Vitruvius Ctesibius water clock,Vitruvius from Manuscript to Print,https://doi.org/10.1163/9789004688704_003,Ingrid Rowland,2024,book-chapter,,,2026-09-28T09:57:34.176767+00:00,A
a821b654c4e32450,crossref,Vitruvius Ctesibius water clock,"The Architecture of Vitruvius, Book IV",https://doi.org/10.1017/cbo9781107280670.005,,2014,book-chapter,,,2026-09-28T09:57:34.176779+00:00,A
d12cf704985119a8,crossref,Vitruvius Ctesibius water clock,Vitruvius: 'Ten Books on Architecture',https://doi.org/10.1017/cbo9780511840951,Vitruvius,1999,edited-book,,,2026-09-28T09:57:34.176791+00:00,A
1d98ba10fc2b6fa5,crossref,Vitruvius Ctesibius water clock,"The Architecture of Vitruvius, Book IX",https://doi.org/10.1017/cbo9781107280670.010,,2014,book-chapter,,,2026-09-28T09:57:34.176802+00:00,A
a0ddf5c27620e8cb,crossref,Vitruvius Ctesibius water clock,The Architecture of Marcus Vitruvius Pollio,https://doi.org/10.1017/cbo9781107280670,Marcus Vitruvius Pollio,2014,monograph,,,2026-09-28T09:57:34.176814+00:00,A
863afed9975df373,crossref,Vitruvius Ctesibius water clock,The Medieval Vitruvius,https://doi.org/10.1163/9789004688704_007,Wim Verbaal,2024,book-chapter,,,2026-09-28T09:57:34.176826+00:00,A
0f9354ee02b8fa73,crossref,Vitruvius Ctesibius water clock,"The Architecture of Vitruvius, Book X",https://doi.org/10.1017/cbo9781107280670.011,,2014,book-chapter,,,2026-09-28T09:57:34.176838+00:00,A
5ac865d48907ac34,crossref,Vitruvius Ctesibius water clock,Vitruvius,https://doi.org/10.1163/1574-9347_dnp_e12206250,,,dataset,,,2026-09-28T09:57:34.176849+00:00,A
b868b9eb1c6b5b6e,crossref,Vitruvius Ctesibius water clock,"Vitruvius, Marcus",https://doi.org/10.1007/springerreference_59427,,,reference-entry,,,2026-09-28T09:57:34.176861+00:00,A
e4d30b22a12d90ca,crossref,Vitruvius Ctesibius water clock,Archaeological Perspectives on Vitruvius,https://doi.org/10.1163/9789004688704_017,Rabun Taylor,2024,book-chapter,,,2026-09-28T09:57:34.176875+00:00,A
5b9011f3821b3b7d,crossref,Vitruvius Ctesibius water clock,Vitruvius (Marcus Vitruvius Pollio; C. 80–25 B.C.E.).,https://doi.org/10.5040/9798881822118.00641,,2018,other,,,2026-09-28T09:57:34.176891+00:00,A
3cd14f2da66f1564,crossref,Hero Ctesibius clock,"Clock Gating: Unsung hero of Power Optimization for AI Accelerators: Techniques, Implementation, and Future Directions",https://doi.org/10.1109/iraset68627.2026.11538786,Uday Korat; Sachchidanand Deo,2026,proceedings-article,,,2026-09-28T09:57:38.192383+00:00,B
4e4ac9bec616cfff,crossref,Hero Ctesibius clock,Lobby Hero,https://doi.org/10.5040/9781580818490,,2012,other,,,2026-09-28T09:57:38.192402+00:00,B
d6a8f4b7dbe0e972,crossref,Hero Ctesibius clock,Lobby Hero,https://doi.org/10.5040/9781580818490.p01,,,other,,,2026-09-28T09:57:38.192416+00:00,B
99cf1dff0a93005a,crossref,Hero Ctesibius clock,Hero,https://doi.org/10.5040/9780571347568.00000002,E.V. Crowe,2012,other,,,2026-09-28T09:57:38.192429+00:00,B
8f8d456bd91c6674,crossref,Hero Ctesibius clock,Hero or Rebel,https://doi.org/10.5040/9781350917002,,2021,other,,,2026-09-28T09:57:38.192452+00:00,B
e645ac9119f82791,crossref,Hero Ctesibius clock,BEETHOVEN HERO,https://doi.org/10.2307/j.ctv131bv79.10,,2020,book-chapter,,,2026-09-28T09:57:38.192465+00:00,B
57b7de8b2bc6113f,crossref,Hero Ctesibius clock,BEETHOVEN’S HERO,https://doi.org/10.2307/j.ctv131bv79.6,,2020,book-chapter,,,2026-09-28T09:57:38.192479+00:00,B
e13281eb86c7773f,crossref,Hero Ctesibius clock,Notes,https://doi.org/10.5040/9781350986985.0008,,2016,book-chapter,,,2026-09-28T09:57:38.192496+00:00,B
4217ee73567fa9c3,crossref,Hero Ctesibius clock,Acknowledgements,https://doi.org/10.5040/9781350986985.0005,,2016,book-chapter,,,2026-09-28T09:57:38.192509+00:00,B
8af59d92f8e03dd8,crossref,Hero Ctesibius clock,Bibliography,https://doi.org/10.5040/9781350986985.0009,,2016,book-chapter,,,2026-09-28T09:57:38.192521+00:00,B
80731840fbe282b6,crossref,Hero Ctesibius clock,"hero-worshipper | hero-worshiper, n.",https://doi.org/10.1093/oed/7223445919,,2023,book-chapter,,,2026-09-28T09:57:38.192533+00:00,B
b7f6bd874bda58d8,crossref,Hero Ctesibius clock,Preface,https://doi.org/10.5040/9781350986985.0004,,2016,book-chapter,,,2026-09-28T09:57:38.192545+00:00,B
4899b6332944e0f6,crossref,Hero Ctesibius clock,The Hero and the Other,https://doi.org/10.4324/9780429345357-20,Pravin K Patel,2021,book-chapter,,,2026-09-28T09:57:38.192556+00:00,B
28d64795625eaf94,crossref,Hero Ctesibius clock,Chronology,https://doi.org/10.5040/9781350986985.0007,,2016,book-chapter,,,2026-09-28T09:57:38.192568+00:00,B
10fe1c607fcd554a,crossref,Hero Ctesibius clock,The Hero – on Closer Inspection a Fool?,https://doi.org/10.4324/9780429345357-3,Ursula Kocher,2021,book-chapter,,,2026-09-28T09:57:38.192581+00:00,B
f33f04549b7236c7,crossref,Heron Ctesibius water clock,Clock winding,https://doi.org/10.1093/nq/176.3.42b,Edward Heron-Allen,1939,journal-article,,,2026-09-28T09:57:40.262005+00:00,B
ace2096d034bdaa8,crossref,Heron Ctesibius water clock,The clock as an oddity,https://doi.org/10.1093/nq/181.13.181c,Edward Heron-Allen,1941,journal-article,,,2026-09-28T09:57:40.262023+00:00,B
932d600ae3fc7c9d,crossref,Heron Ctesibius water clock,"Holocene reef development and water quality reconstruction, Heron Reef and One Tree Reef, southern Great Barrier Reef​​​​​​​",https://doi.org/10.14264/uql.2019.857,Marcos Salas-Saavedra,,dissertation,,,2026-09-28T09:57:40.262148+00:00,A
4726f06fd35d2673,crossref,Heron Ctesibius water clock,Heron Lake watershed conservation strip tillage demonstration,https://doi.org/10.1080/00224561.2007.12435991,Melanie Luinenburg,2007,journal-article,,,2026-09-28T09:57:40.262193+00:00,A
cd0a9a675274f663,crossref,Heron Ctesibius water clock,Blue Heron,https://doi.org/10.5876/9781885635303.c005,Elizabeth Robinson,2013,book-chapter,,,2026-09-28T09:57:40.262208+00:00,A
a5749b6f5b2b9e94,crossref,Heron Ctesibius water clock,The Night Heron,https://doi.org/10.5040/9781784600013.00000003,Jez Butterworth,2002,other,,,2026-09-28T09:57:40.262220+00:00,A
e9ef8d627f6a2fd5,crossref,Heron Ctesibius water clock,Little Blue Heron on Salt Water,https://doi.org/10.2307/4078149,"Alexander Sprunt,",1937,journal-article,,,2026-09-28T09:57:40.262232+00:00,A
bd68ea913909da81,crossref,Heron Ctesibius water clock,"Bitterns, Night Herons, Squacco Heron and Green Heron",https://doi.org/10.5040/9781472926982.part-0177,,,book-chapter,,,2026-09-28T09:57:40.262246+00:00,A
5aa8baad22fed8af,crossref,Heron Ctesibius water clock,Heron as a Tool for Light Water Reactor Market Interaction in a Deregulated Market,https://doi.org/10.1115/1.0000551v,Paul Talbot; Abhinav Gairola; Konor Frick; Cristian Rabiti,2021,posted-content,,,2026-09-28T09:57:40.262273+00:00,A
fb1506972557a5d5,crossref,Philo Byzantium water clock Ctesibius,Philo of Byzantium,https://doi.org/10.1002/9781444338386.wbeah21254.pub2,Philip Rance,2020,other,,,2026-09-28T09:57:42.196862+00:00,B
ae0604772c71befc,crossref,Philo Byzantium water clock Ctesibius,Byzantium,https://doi.org/10.1093/oso/9780198836223.003.0021,David T. Runia,2025,book-chapter,,,2026-09-28T09:57:42.196898+00:00,B
8e7fbb1221db9b72,crossref,Philo Byzantium water clock Ctesibius,Philo in Byzantium,https://doi.org/10.1163/15700720-12341257,David T. Runia,2016,journal-article,,,2026-09-28T09:57:42.196926+00:00,B
b3e6185aca317399,crossref,Philo Byzantium water clock Ctesibius,"6.1 Philo of Byzantium, Belopoeika",https://doi.org/10.1515/9780691257686-081,,2024,book-chapter,,,2026-09-28T09:57:42.196941+00:00,B
6e76d289f2effa54,crossref,Philo Byzantium water clock Ctesibius,Philo of Byzantium: Pneumatica,https://doi.org/10.2307/3103260,A. G. Drachmann; Frank David Prager,1976,journal-article,,,2026-09-28T09:57:42.196965+00:00,B
60a37308f3fd89bc,crossref,Philo Byzantium water clock Ctesibius,The Armenian Philo on the Feast of Passover,https://doi.org/10.1163/9789004397743_007,Predrag Bukovec,2019,book-chapter,,,2026-09-28T09:57:42.196979+00:00,B
1cb2f5b683e19dba,crossref,Philo Byzantium water clock Ctesibius,Philo of Byzantium and the Colossus of Rhodes,https://doi.org/10.2307/629373,D. E. L. Haynes,1957,journal-article,,,2026-09-28T09:57:42.196991+00:00,B
1aa9a3df84d7fc8e,crossref,Philo Byzantium water clock Ctesibius,"Words, water and power",https://doi.org/10.1017/cbo9781316226742.015,Ingela Nilsson,2016,book-chapter,,,2026-09-28T09:57:42.197004+00:00,B
0f58c56fea485ce2,crossref,Philo Byzantium water clock Ctesibius,Technē and Method in Ancient Artillery Construction: The Belopoeica of Philo of Byzantium,https://doi.org/10.1515/9783110336337-029,Mark J. Schiefsky,2015,book-chapter,,,2026-09-28T09:57:42.197019+00:00,B
202b4381ad7982ff,crossref,Philo Byzantium water clock Ctesibius,Bibliography,https://doi.org/10.1017/cbo9781316226742.020,,2016,book-chapter,,,2026-09-28T09:57:42.197036+00:00,B
b1468ee4fbedef7d,crossref,Philo Byzantium water clock Ctesibius,Plate Section (PDF Only),https://doi.org/10.1017/cbo9781316226742.021,,2016,other,,,2026-09-28T09:57:42.197050+00:00,B
ad596f68efc0109d,crossref,Philo Byzantium water clock Ctesibius,<i>Philo of Byzantium. Pneumatica. The First Treatise on Experimental Physics: Western Version and Eastern Version</i>. Frank David Prager,https://doi.org/10.1086/352311,E. J. McCullough,1979,journal-article,,,2026-09-28T09:57:42.197064+00:00,B
7ce60904be94f6f7,crossref,Philo Byzantium water clock Ctesibius,Voltage and Frequency Control With Adaptive Reaction Time in Multiple-Clock-Domain Processors,https://doi.org/10.1109/hpca.2005.43,Qiang Wu; Philo Juang; M. Martonosi; D.W. Clark,,proceedings-article,,,2026-09-28T09:57:42.197100+00:00,B
85a36b718e7bbe02,crossref,Philo Byzantium water clock Ctesibius,Ancient Methodology of Conquering the City According to Philo of Byzantium (3rd Century BC),https://doi.org/10.17951/rh.2025.59.99-131,Artur Mateusz Turowski,2025,journal-article,,,2026-09-28T09:57:42.197114+00:00,B
9097b3ce8494a72c,crossref,Philo Byzantium water clock Ctesibius,The culture of water in the ‘Macedonian renaissance’,https://doi.org/10.1017/cbo9781316226742.008,Paul Magdalino,2016,book-chapter,,,2026-09-28T09:57:42.197129+00:00,B
e9430eac5a2fd9b2,crossref,Philo Byzantium water clock Ctesibius,Sinan’s ablution fountains,https://doi.org/10.1017/cbo9781316226742.019,Johan Mårtelius,2016,book-chapter,,,2026-09-28T09:57:42.197145+00:00,B
b2a90e12bea1b913,crossref,De Architectura water clock Ctesibius,"De Architectura, Liber Decimus",https://doi.org/10.1016/b978-1-4832-8300-5.50017-3,M. Vitruvius Pollio,1648,book-chapter,,,2026-09-28T09:57:44.095398+00:00,A
1d43b622661bd2e9,crossref,De Architectura water clock Ctesibius,"De Architectura, Liber Quartus",https://doi.org/10.1016/b978-1-4832-8300-5.50011-2,M. Vitruvius Pollio,1648,book-chapter,,,2026-09-28T09:57:44.095416+00:00,A
02dc52d985bd2ea0,crossref,De Architectura water clock Ctesibius,"De Architectura, Liber Nonus",https://doi.org/10.1016/b978-1-4832-8300-5.50016-1,M. Vitruvius Pollio,1648,book-chapter,,,2026-09-28T09:57:44.095430+00:00,A
bf2601d450b2fced,crossref,De Architectura water clock Ctesibius,"De Architectura, Liber Octavus",https://doi.org/10.1016/b978-1-4832-8300-5.50015-x,M. Vitruvius Pollio,1648,book-chapter,,,2026-09-28T09:57:44.095442+00:00,A
e635c00035c7645a,crossref,De Architectura water clock Ctesibius,"De Architectura, Liber Primus",https://doi.org/10.1016/b978-1-4832-8300-5.50008-2,M. Vitruvius Pollio,1648,book-chapter,,,2026-09-28T09:57:44.095454+00:00,A
ac4f5e33dc029bbb,crossref,De Architectura water clock Ctesibius,"De Architectura, Liber Quintus",https://doi.org/10.1016/b978-1-4832-8300-5.50012-4,M. Vitruvius Pollio,1648,book-chapter,,,2026-09-28T09:57:44.095467+00:00,A
386499b8a400416e,crossref,De Architectura water clock Ctesibius,"De Architectura, Liber Secundus",https://doi.org/10.1016/b978-1-4832-8300-5.50009-4,M. Vitruvius Pollio,1648,book-chapter,,,2026-09-28T09:57:44.095479+00:00,A
8594f0190a67ffae,crossref,De Architectura water clock Ctesibius,"De Architectura, Liber Tertius",https://doi.org/10.1016/b978-1-4832-8300-5.50010-0,M. Vitruvius Pollio,1648,book-chapter,,,2026-09-28T09:57:44.095491+00:00,A
010237df2499ee16,crossref,De Architectura water clock Ctesibius,"De Architectura, Liber Septimus",https://doi.org/10.1016/b978-1-4832-8300-5.50014-8,M. Vitruvius Pollio,1648,book-chapter,,,2026-09-28T09:57:44.095502+00:00,A
cbdf8399ba801f05,crossref,De Architectura water clock Ctesibius,"De Architectura, Liber Sextus",https://doi.org/10.1016/b978-1-4832-8300-5.50013-6,M. Vitruvius Pollio,1648,book-chapter,,,2026-09-28T09:57:44.095513+00:00,A
a507603f74e67394,crossref,De Architectura water clock Ctesibius,De Architectura,https://doi.org/10.1016/c2013-0-13308-9,,1648,edited-book,,,2026-09-28T09:57:44.095536+00:00,A
26c58419f4b313f3,crossref,De Architectura water clock Ctesibius,Temporal evolution of clear-water local scour downstream of a weir,https://doi.org/10.22630/aspa.2026.25.4,Julia Górka; Marta Kiraga,2026,journal-article,,,2026-09-28T09:57:44.095549+00:00,B
8fb8c9508d3b3deb,crossref,De Architectura water clock Ctesibius,Præfatio,https://doi.org/10.1016/b978-1-4832-8300-5.50004-5,,1648,book-chapter,,,2026-09-28T09:57:44.095564+00:00,B
83162517e7ac21c6,crossref,De Architectura water clock Ctesibius,Lowering water level in an excavation for a multi-family residential building in urban development,https://doi.org/10.22630/aspa.2022.21.2.14,Grzegorz Wrzesiński,2023,journal-article,,,2026-09-28T09:57:44.095579+00:00,B
8c9856c8616ef64a,crossref,De Architectura water clock Ctesibius,"A study of rain water harvesting for sustainable water resource management in Nagaland, Northeast India – a review",https://doi.org/10.22630/aspa.2022.21.4.30,Lamneithem Hangshing; Dhanasingh Sivalinga Vijayan; Arvindan Sivasuriyan,2023,journal-article,,,2026-09-28T09:57:44.095595+00:00,B
578d4b52a5c310fb,crossref,De Architectura water clock Ctesibius,De Sculptura,https://doi.org/10.1016/b978-1-4832-8300-5.50029-x,Pomponius Gauricus,1648,book-chapter,,,2026-09-28T09:57:44.095612+00:00,B
f06af51b020f86e6,crossref,De Architectura water clock Ctesibius,Influence of durability of waterproofing solutions terraces protecting against water and moisture,https://doi.org/10.22630/aspa.2022.21.3.20,Barbara Francke; Leonard Runkiewicz,2023,journal-article,,,2026-09-28T09:57:44.095625+00:00,B
4076aa92ce5ee7a0,crossref,De Architectura water clock Ctesibius,Elementa Architecturæ,https://doi.org/10.1016/b978-1-4832-8300-5.50003-3,,1648,book-chapter,,,2026-09-28T09:57:44.095638+00:00,B
5d3d78cab0bcc3ed,crossref,Ctesibius clepsydra archaeology,الـساعة المائية فى مصر القديمة THE CLEPSYDRA (WATER CLOCK) IN ANCIENT EGYPT,https://doi.org/10.21608/jatmust.2022.253379,Abdelrahman Abdelrahman,2022,journal-article,,,2026-09-28T09:57:46.013291+00:00,B
53ba83f9ea03fca5,crossref,Ctesibius water clock scholarly article,Against baseball’s new pitch clock,https://doi.org/10.64628/aai.tn34gvfq3,Alva Noë,2023,posted-content,,,2026-09-28T09:57:47.842353+00:00,B
4341c7ff96957c37,crossref,Ctesibius water clock scholarly article,"Tick, tock, where’s your brain’s clock?",https://doi.org/10.64628/aa.jp4m6uhjg,Frank Giorlando,2011,posted-content,,,2026-09-28T09:57:47.842386+00:00,B
7de46f501d7ad936,crossref,Ctesibius water clock scholarly article,"Unlocking Scholarly Article Insights: Creating a Scholarly Article Content Extraction Tool –Objectives, Methodology, and a Comparative Analysis of Summary Results",https://doi.org/10.21203/rs.3.rs-5961778/v1,Wei Ma; Michael E. Spagna,2025,posted-content,,,2026-09-28T09:57:47.842406+00:00,B
71efc3680caaa578,crossref,Ctesibius water clock scholarly article,Untitled Article,https://doi.org/10.66857/srh4-53f9,Author Contributor,2026,journal-article,,,2026-09-28T09:57:47.842424+00:00,B
b59fed492d7a76c7,crossref,Ctesibius water clock scholarly article,Untitled Article,https://doi.org/10.66857/kjm9-1932,Author Contributor,2026,journal-article,,,2026-09-28T09:57:47.842439+00:00,B
3adaa484d771668f,crossref,Ctesibius water clock scholarly article,Untitled Article,https://doi.org/10.66857/srh4-3c8a,Author Contributor,2026,journal-article,,,2026-09-28T09:57:47.842452+00:00,B
ae4f22846df5aaaf,crossref,Ctesibius water clock scholarly article,Untitled Article,https://doi.org/10.66857/2585,Author Contributor,2026,journal-article,,,2026-09-28T09:57:47.842465+00:00,B
f587ba34cbd917e7,crossref,Ctesibius water clock scholarly article,Untitled Article,https://doi.org/10.66857/srh4-549c,Author Contributor,2026,journal-article,,,2026-09-28T09:57:47.842479+00:00,B
292b24fe64e210e2,crossref,Ctesibius water clock scholarly article,Untitled Article,https://doi.org/10.66857/1319,Author Contributor,2026,journal-article,,,2026-09-28T09:57:47.842493+00:00,B
94809127ee788e90,crossref,Ctesibius water clock scholarly article,Untitled Article,https://doi.org/10.66857/mg69,Author Contributor,2026,journal-article,,,2026-09-28T09:57:47.842506+00:00,B
e705981d478df244,crossref,Ctesibius water clock scholarly article,Untitled Article,https://doi.org/10.66857/srh4-1e3c,Author Contributor,2026,journal-article,,,2026-09-28T09:57:47.842518+00:00,B
b4d754c8b717071c,crossref,Ctesibius water clock scholarly article,Untitled Article,https://doi.org/10.66857/srh4-5627,Author Contributor,2026,journal-article,,,2026-09-28T09:57:47.842531+00:00,B
3523d0d6253add11,crossref,Ctesibius water clock scholarly article,Untitled Article,https://doi.org/10.66857/jih7-4f0e,Author Contributor,2026,journal-article,,,2026-09-28T09:57:47.842546+00:00,B
9ac3fb4f83842221,crossref,Ctesibius water clock scholarly article,Untitled Article,https://doi.org/10.66857/srh4-e185,Author Contributor,2026,journal-article,,,2026-09-28T09:57:47.842562+00:00,B
819caa4313f8f1fd,crossref,Ctesibius water clock scholarly article,Untitled Article,https://doi.org/10.66857/1663-0c78,Author Contributor,2026,journal-article,,,2026-09-28T09:57:47.842573+00:00,B
64d5470cabe806a8,crossref,Ctesibius water clock scholarly article,Untitled Article,https://doi.org/10.66857/2982-923b,Author Contributor,2026,journal-article,,,2026-09-28T09:57:47.842587+00:00,B
de300b356d5faae8,crossref,Ctesibius water clock scholarly article,Untitled Article,https://doi.org/10.66857/2494,Author Contributor,2026,journal-article,,,2026-09-28T09:57:47.842600+00:00,B
2ef8a255a02341e2,crossref,Ctesibius hydraulic clock reconstruction paper,Hydraulic Component for High Pressure Hydraulic Systems,https://doi.org/10.4271/861677,John Halat,1986,proceedings-article,,,2026-09-28T09:57:49.497338+00:00,B
70f7447c39406730,crossref,Ctesibius hydraulic clock reconstruction paper,Hydraulic Balancing to Improve Reliability of Military Hydraulic Components,https://doi.org/10.4271/881297,Robert Affouard,1988,proceedings-article,,,2026-09-28T09:57:49.497377+00:00,B
a4b77d68b16cca92,crossref,Ctesibius hydraulic clock reconstruction paper,Hydraulic Balancing and New European Design of Hydraulic Components,https://doi.org/10.4271/841109,Robert Affouard,1984,proceedings-article,,,2026-09-28T09:57:49.497391+00:00,B
a2bda90bcaff77b0,crossref,Ctesibius hydraulic clock reconstruction paper,Supplemental Information 4: Our relaxed-clock phylogenetic reconstruction derived from morphological data.,https://doi.org/10.7717/peerj.14414/supp-4,,,component,,,2026-09-28T09:57:49.497415+00:00,B
5882732d15634873,crossref,Ctesibius hydraulic clock reconstruction paper,Saving Hydraulic Horsepower Using Pneumatic Actuated Clutch in Mobile Hydraulic Systems,https://doi.org/10.4271/952108,R. Douglas MacDonald,1995,proceedings-article,,,2026-09-28T09:57:49.497430+00:00,B
ffef35e73bdeee7c,crossref,Ctesibius hydraulic clock reconstruction paper,Restoration and reconstruction of hydraulic schemes,https://doi.org/10.1201/b16672-43,,2014,book-chapter,,,2026-09-28T09:57:49.497443+00:00,B
2339fb7d1661ce8f,crossref,Ctesibius hydraulic clock reconstruction paper,Limb Reconstruction Review BLRS &amp; Limb Reconstruction - Free Paper Session: Q&amp;A 2,https://doi.org/10.1302/3114-221805,,2022,dataset,,,2026-09-28T09:57:49.497456+00:00,B
e12b39872479c5f1,crossref,Ctesibius hydraulic clock reconstruction paper,Limb Reconstruction Review BLRS &amp; Limb Reconstruction Free Paper Session: Q&amp;A 3,https://doi.org/10.1302/3114-221809,,2022,dataset,,,2026-09-28T09:57:49.497468+00:00,B
58908d5f48dc1e04,crossref,Ctesibius hydraulic clock reconstruction paper,Hydraulic Power and Cooling Capacity Available from Agricultural Tractors for Operating Hydraulic Motors,https://doi.org/10.4271/941713,Gary L. Dostal,1994,proceedings-article,,,2026-09-28T09:57:49.497481+00:00,B
7a8832af8c9cbadc,crossref,Ctesibius hydraulic clock reconstruction paper,The Hydraulic Pump Inlet Condition: Impact on Hydraulic Pump Cavitation Potential,https://doi.org/10.4271/1999-01-1877,G. E. Totten; R. J. Bishop,1999,proceedings-article,,,2026-09-28T09:57:49.497494+00:00,B
c9dffc8084257a2a,crossref,Ctesibius hydraulic clock reconstruction paper,Hydraulic Pump Testing Procedures to Evaluate Lubrication Performance of Hydraulic Fluids,https://doi.org/10.4271/952092,G. E. Totten; R. J. Bishop,1995,proceedings-article,,,2026-09-28T09:57:49.497506+00:00,B
89be1fe049f03659,crossref,Ctesibius hydraulic clock reconstruction paper,Hydraulic-mining debris in the Sierra Nevada,https://doi.org/10.3133/pp105,G. K. Gilbert,1917,report-component,,,2026-09-28T09:57:49.497522+00:00,B
e0f9742b71cf41bc,crossref,Ctesibius hydraulic clock reconstruction paper,A Microprocessor Approach to a Clock Design,https://doi.org/10.4271/830204,Thomas A. Spoto,1983,proceedings-article,,,2026-09-28T09:57:49.497534+00:00,B
0da090a828021e18,crossref,Ctesibius hydraulic clock reconstruction paper,Water-Glycol Hydraulic Fluids: Conversion and Troubleshooting of Mineral Oil Hydraulic Systems,https://doi.org/10.4271/2000-01-2589,G. E. Totten; R. J. Bishop,2000,proceedings-article,,,2026-09-28T09:57:49.497546+00:00,B
13ef5eba3cceeab2,crossref,Ctesibius hydraulic clock reconstruction paper,Hydraulic Fluidics,https://doi.org/10.4271/670736,C. K. Taft,1967,proceedings-article,,,2026-09-28T09:57:49.497558+00:00,B
9af61ee9c4edceb3,crossref,Ctesibius clepsydra dissertation,"Clepsydra - Arthur Wellesley Parsons: Klepsydra and the Paved Court of the Pythion. (Johns Hopkins dissertation.) Reprinted from Hesperia, vol. xii. Pp. 191–267; 42 figures. Baltimore: Johns Hopkins Press, 1943. Paper.",https://doi.org/10.1017/s0009840x00097262,D. S. Robertson,1944,journal-article,,,2026-09-28T09:57:51.156772+00:00,B
fa3f3ba19b82ceb2,crossref,Ctesibius water clock thesis,Introducing the Thesis This first Chapter provides an introduction to the thesis by presenting the topic and structure of the thesis.,https://doi.org/10.1201/b10531-8,,2009,book-chapter,,,2026-09-28T09:57:53.231550+00:00,B
0dff52a5c71d4a81,crossref,Ctesibius water clock thesis,Water stress detection using radar,https://doi.org/10.31237/osf.io/943hr,Tim van Emmerik,2017,posted-content,,,2026-09-28T09:57:53.231600+00:00,B
3fa3fa5ae2cb0198,crossref,Ctesibius water clock thesis,Water stress detection using radar,https://doi.org/10.31237/osf.io/943hr_v1,Tim van Emmerik,2017,posted-content,,,2026-09-28T09:57:53.231616+00:00,B
7ce6d3a8eea2a022,crossref,Ctesibius water clock thesis,Review Essay: Water and Culture in Australia: Some Alternative Perspectives,https://doi.org/10.1177/0725513610372395,Kirsten Henderson,2010,journal-article,,,2026-09-28T09:57:53.231639+00:00,B
614c49d08b65d611,crossref,Ctesibius water clock thesis,An institutional analysis of China’s South-to-North water diversion,https://doi.org/10.1177/0725513618822419,Mark Wang; Chen Li,2019,journal-article,,,2026-09-28T09:57:53.231654+00:00,B
0882c6ca758e6f9d,crossref,Ctesibius water clock thesis,Are we there yet? The Murray-Darling Basin and sustainable water management,https://doi.org/10.1177/0725513618821970,Jamie Pittock,2019,journal-article,,,2026-09-28T09:57:53.231671+00:00,B
ec88dc5f489becdd,crossref,Ctesibius water clock thesis,DOWNFLOW FORCED-CONVECTION BOILING OF WATER IN UNIFORMLY HEATED TUBES (thesis),https://doi.org/10.2172/4824083,R.M. Wright,1961,report,,,2026-09-28T09:57:53.231684+00:00,B
600c16329c843261,crossref,Ctesibius water clock thesis,Determination of oil/water and octanol/water distribution coefficients from aqueous solutions from four fossil fuels. [MS thesis; in oil-water and octanol-water],https://doi.org/10.2172/7089831,B.L. Thomas,1984,report,,,2026-09-28T09:57:53.231730+00:00,B
80cfe69d26af4e5f,crossref,Ctesibius water clock thesis,A game theory approach for drinking water supply chain management considering water pricing and government intervention,https://doi.org/10.31237/osf.io/rt5ec,Mobin Zarreh,2024,posted-content,,,2026-09-28T09:57:53.231744+00:00,B
10da7dc3395ab840,crossref,Ctesibius water clock thesis,A game theory approach for drinking water supply chain management considering water pricing and government intervention,https://doi.org/10.31237/osf.io/5wdtn,Mobin Zarreh,2024,posted-content,,,2026-09-28T09:57:53.231758+00:00,B
54104b663b63a999,crossref,Ctesibius water clock reconstruction,Surgical reconstruction of the right ventricular outflow tract -- The clock is still ticking,https://doi.org/10.22541/au.162160114.41870044/v1,Filippo Rapetto; Massimo Caputo; Gianni Angelini,2021,posted-content,,,2026-09-28T09:57:55.326979+00:00,B
02f698f21e5a9a5a,crossref,Ctesibius water clock reconstruction,Mechanism for the N–Ni(100) clock reconstruction,https://doi.org/10.1016/s0042-207x(98)00316-9,Chang Q Sun,1999,journal-article,,,2026-09-28T09:57:55.326995+00:00,B
2ba2871bd085f120,crossref,Ctesibius water clock reconstruction,Clock jitter in sampling and reconstruction,https://doi.org/10.1109/icassp.2014.6853905,Bede Liu,2014,proceedings-article,,,2026-09-28T09:57:55.327012+00:00,B
997120ae02a3c020,crossref,Ctesibius water clock reconstruction,Figure 3: Time-calibrated phylogenetic tree based on Bayesian relaxed-clock analyses (A) and reconstruction of the ancestral geopositioned nodes (B –G).,https://doi.org/10.7717/peerj.11737/fig-3,,,component,,,2026-09-28T09:57:55.327029+00:00,B
88d209f56010254b,crossref,Ctesibius water clock reconstruction,Reconstruction of the phase dynamics of the somitogenesis clock oscillator,https://doi.org/10.1101/743724,Lucas J. Morales Moya; J. Kim Dale; Philip J. Murray,2019,posted-content,,,2026-09-28T09:57:55.327047+00:00,B
239459b5ccc0d79f,crossref,Ctesibius hydraulic clock experiment,Geostationary Satellite Day–Night Clock Difference：A Discriminating Experiment,https://doi.org/10.2139/ssrn.6494140,Xu Yuchuan,2026,posted-content,,,2026-09-28T09:57:59.224091+00:00,B
0639011de8b05e0f,crossref,Ctesibius hydraulic clock experiment,High Accuracy Clock Synchronization Experiment and Results from Preliminary Experiment,https://doi.org/10.2514/6.2006-5744,Shinichi Nakamura; Nobuo Kudo; Seiji Katagiri,2006,proceedings-article,,,2026-09-28T09:57:59.224123+00:00,B
c5646d787ad09724,crossref,Ctesibius hydraulic clock experiment,Experiment and Numerical Study of Hydraulic Fracturing Combined Traditional Hydraulic and Pulse Hydraulic,https://doi.org/10.2139/ssrn.4677613,Bo Zhang; Chundi Zhu; Wei Chao; Jiandong Sun; Haibo Li; Yanjun Zhao,2023,posted-content,,,2026-09-28T09:57:59.224149+00:00,B
234f6bb382403ecc,crossref,Ctesibius hydraulic clock experiment,433. A Proposed Hydraulic Experiment,https://doi.org/10.1017/cbo9780511704017.086,,2009,book-chapter,,,2026-09-28T09:57:59.224183+00:00,B
8c580bf4e9d22df7,crossref,Ctesibius hydraulic clock experiment,Rulison Field massive hydraulic fracturing experiment. Final report,https://doi.org/10.2172/5446889,M. Jr. Reynolds,1977,report,,,2026-09-28T09:57:59.224200+00:00,B
c36c2c7085c77e92,crossref,Ctesibius hydraulic clock experiment,Analysis of a Constant Height Hydraulic Fracture,https://doi.org/10.1002/9781119742487.ch11,E.V. Dontsov,2022,other,,,2026-09-28T09:57:59.224224+00:00,B
ce31aed0829cfce5,crossref,Ctesibius hydraulic clock experiment,Experimental Observations of Hydraulic Fracturing,https://doi.org/10.1002/9781119742487.ch4,Guangqing Zhang; Dawei Zhou,2022,other,,,2026-09-28T09:57:59.224237+00:00,B
bed52011c6f1af92,crossref,Ctesibius hydraulic clock experiment,Hydraulic Fracture Geometry from Mineback Mapping,https://doi.org/10.1002/9781119742487.ch1,R. G. Jeffrey,2022,other,,,2026-09-28T09:57:59.224249+00:00,B
8b96db6d72db8bf9,crossref,Ctesibius hydraulic clock experiment,Pendulum air movement: A failed experiment,https://doi.org/10.1093/acprof:oso/9780198529712.003.0028,Robert James Matthys,2004,book-chapter,,,2026-09-28T09:57:59.224263+00:00,B
65fee0f83801b5e1,crossref,Ctesibius hydraulic clock experiment,Synchronized Clock Experiment,https://doi.org/10.1109/freq.1959.199390,R. Bridgham; G. Winkler; F.H. Reder,1959,proceedings-article,,,2026-09-28T09:57:59.224275+00:00,B
bf5251558c54a7e3,crossref,Ctesibius hydraulic clock experiment,Discrete Element Modeling of Hydraulic Fracturing,https://doi.org/10.1002/9781119742487.ch12,Mengli Li; Fengshou Zhang,2022,other,,,2026-09-28T09:57:59.224287+00:00,B
f3343ac9f6128526,crossref,Ctesibius hydraulic clock experiment,Plasticity,https://doi.org/10.1002/9781119742487.ch9,Panos Papanastasiou,2022,other,,,2026-09-28T09:57:59.224310+00:00,B
ea424c9b6935cb72,crossref,Ctesibius hydraulic clock experiment,Front Matter,https://doi.org/10.1002/9781119742487.fmatter,,2022,other,,,2026-09-28T09:57:59.224323+00:00,B
681c5954b8b0f42a,crossref,Ctesibius hydraulic clock experiment,An experiment in measuring the hydraulic pressures in the peplines of hydraulic systems,https://doi.org/10.1016/0022-4898(66)90067-x,,1966,journal-article,,,2026-09-28T09:57:59.224335+00:00,B
5f090a5fc2f0695d,crossref,horloge à eau de Ctésibios,Horloge,https://doi.org/10.1163/9789004206106_eifo_dum_dcl724,,,dataset,,,2026-09-28T09:58:01.592831+00:00,B
8355403c4792e7b5,crossref,horloge à eau de Ctésibios,HORLOGE,https://doi.org/10.1163/_eifo_dum_dcl724,,,dataset,,,2026-09-28T09:58:01.592866+00:00,B
8879d327c9cb2941,crossref,horloge à eau de Ctésibios,Horloge atomique compacte à cellule de césium de haute performance,https://doi.org/10.70675/0e50b238z4ef1z4aedzbfd2z5c23c2a3e285,Juliette Breurec,,dissertation,,,2026-09-28T09:58:01.592885+00:00,B
b45370cea912c04d,crossref,horloge à eau de Ctésibios,Module physique intégré pour horloge atomique miniature à cellule de césium,https://doi.org/10.70675/c66b6790z28b2z4f62za828z5c5b120670d3,Rémy Vicarini,,dissertation,,,2026-09-28T09:58:01.592903+00:00,B
4407dfdb90f288be,crossref,horloge à eau de Ctésibios,Analyse et réduction des sources d'instabilitè de fréquence dans une horloge CPT compacte,https://doi.org/10.70675/555fb42az0b9cz42a5zba8bzce9d216cf94d,Francois Tricot,,dissertation,,,2026-09-28T09:58:01.592919+00:00,B
661394459443d004,crossref,horloge à eau de Ctésibios,Horloge atomique microonde à technologie de microcellule améliorée et régime d’interrogation impulsionnel,https://doi.org/10.70675/24ac4a98z2d7ez4ef6z9c7bz8ad6c32043e6,Clément Carlé,,dissertation,,,2026-09-28T09:58:01.592936+00:00,B
1d84f94051db8764,crossref,horloge à eau de Ctésibios,Interconnexion entre horloge circadienne et régulation de la fonction inflammasome de NLRP3 - implication dans le développement des pathologies CAPS,https://doi.org/10.70675/1b2c1a3fzcecfz4e71zaba5zbb861264d8db,Léa Bardoulet,,dissertation,,,2026-09-28T09:58:01.592955+00:00,B
38403552e4d86dd4,crossref,horloge à eau de Ctésibios,Eau de Cologne – eklatant,https://doi.org/10.1515/9783110910445.1,,2004,book-chapter,,,2026-09-28T09:58:01.592973+00:00,B
91468fe4a4f7b07e,crossref,horloge à eau de Ctésibios,Etude et réalisation de sources stables microondes à base de résonateur BAW pour micro-horloge atomique au Césium,https://doi.org/10.70675/58ff8423z76bbz40a2zac4ez0eb5e2033032,Mingdong Li,,dissertation,,,2026-09-28T09:58:01.592989+00:00,B
27450b178db93321,crossref,horloge à eau de Ctésibios,Horloge atomique à piégeage cohérent de population du césium en cellule : limitations à la stabilité de fréquence,https://doi.org/10.70675/345c1bb5z4798z4a32zbb0ez9c6ed75c4660,Jean-Marie Danet,,dissertation,,,2026-09-28T09:58:01.593005+00:00,B
da8d7029f94239b5,crossref,horloge à eau de Ctésibios,"HUG 9, ff. 111r-v, inc. Horloge a peu de frais sans roües",https://doi.org/10.1163/2468-0303-cohu_09-102,,,dataset,,,2026-09-28T09:58:01.593021+00:00,B
9ac0fe6eed79fcfe,crossref,horloge à eau de Ctésibios,Thermodynamique de la réponse électrique dans les isolants de bande - Synchronisation et écho de spin dans une horloge atomique,https://doi.org/10.70675/e96de379za1a4z486ez8a0bzd24db9328a2e,Frédéric Combes,,dissertation,,,2026-09-28T09:58:01.593037+00:00,B
3316797c7603760f,crossref,horloge à eau de Ctésibios,Horloge atomique Cs à piégeage cohérent de population avec protocole d’interrogation Auto-Balanced Ramsey,https://doi.org/10.70675/82d4fa79z8606z471ez8106zb280b9e7474d,Grégoire Coget,,dissertation,,,2026-09-28T09:58:01.593055+00:00,B
17439f041deae9b4,crossref,horloge à eau de Ctésibios,Horloge à réseau optique à atomes de mercure exploitant un 2D-MOT : durée de vie de l'état 3P0 et mesures de fréquence,https://doi.org/10.70675/b79eb559z5f59z469cz99a6z5bc084c58e1b,Valentin Cambier,,dissertation,,,2026-09-28T09:58:01.593072+00:00,B
f6ca27aa92521953,crossref,horloge à eau de Ctésibios,Stabilisation d’émulsions eau-dans-eau par auto-assemblages de lipides,https://doi.org/10.70675/dea431d7z766dz4581z9d22zec08306d2a11,Noëmie Coudon,,dissertation,,,2026-09-28T09:58:01.593088+00:00,B
0588ae6c8b7b2071,crossref,horloge à eau de Ctésibios,Horloge optique miniature à ion piégé,https://doi.org/10.70675/37eec1a1z10a3z4a88zb28fzd23577d8ea4c,Bachir Achi,,dissertation,,,2026-09-28T09:58:01.593104+00:00,B
5be1c778c5760aa9,crossref,horloge à eau de Ctésibios,EAU,https://doi.org/10.1163/_eifo_dum_dcl311,,,dataset,,,2026-09-28T09:58:01.593118+00:00,B
89c0cec0738480a2,crossref,horloge à eau de Ctésibios,Eau,https://doi.org/10.1163/9789004206106_eifo_dum_dcl311,,,dataset,,,2026-09-28T09:58:01.593131+00:00,B
5bf8322f33959c60,crossref,horloge à eau de Ctésibios,Eau et société,https://doi.org/10.3917/bru.belai.2012.01.0249,,2012,book-chapter,,,2026-09-28T09:58:01.593145+00:00,B
38371c1c46368e90,crossref,horloge à eau de Ctésibios,Eau et société,https://doi.org/10.3917/bru.belai.2012.01.0187,Gérard Fritz,2012,book-chapter,,,2026-09-28T09:58:01.593201+00:00,B
fb3597e9dda30732,crossref,clepsydre de Ctésibios,Clepsydre,https://doi.org/10.1163/9789004206106_eifo_dum_dcl186,,,dataset,,,2026-09-28T09:58:04.091230+00:00,B
8278cd95ee6ffd29,crossref,clepsydre de Ctésibios,CLEPSYDRE,https://doi.org/10.1163/_eifo_dum_dcl186,,,dataset,,,2026-09-28T09:58:04.091268+00:00,B
6223008a9e83542b,crossref,clepsydre de Ctésibios,De la clepsydre à l’horloge. L’art de mesurer le temps dans l’Empire ottoman,https://doi.org/10.1163/9789004217799_003,Frédéric Hitzel,2012,book-chapter,,,2026-09-28T09:58:04.091289+00:00,B
48137baa42881d0c,crossref,clepsydre de Ctésibios,Le temps de la clepsydre : phénoménologie du contre-transfert dans le cadre de la manie et de la mélancolie,https://doi.org/10.3917/cm.112.0217,Chirine Fares; Céline Masson,2025,journal-article,,,2026-09-28T09:58:04.091310+00:00,B
62890024111ca230,crossref,clepsydre de Ctésibios,Accueil et place des familles dans les services de réanimation néonatale et pédiatrique,https://doi.org/10.3917/psye.681.0051,Anna Cognet-Kayem; Anaïs Robin; Association Clepsydre,2025,journal-article,,,2026-09-28T09:58:04.091333+00:00,B
a66f94eddccb6932,crossref,clepsydre de Ctésibios,Les fragments de clepsydre de la dynastie des Argéades (332-304 av. J.-C.),https://doi.org/10.1484/j.cde.2.309316,Guy Lodomez,2007,journal-article,,,2026-09-28T09:58:04.091350+00:00,B
ecd68d972baec603,crossref,clepsydre de Ctésibios,ClePSYdre,https://doi.org/10.3917/lcp.175.0020,Sylvie Séguret,2013,journal-article,,,2026-09-28T09:58:04.091364+00:00,B
59fb8117423661da,crossref,clepsydre de Ctésibios,De qui la clepsydre est-elle le nom? Une interprétation du fragment 100 d’Empédocle,https://doi.org/10.3406/reg.2008.7981,Marwan Rashed,2008,journal-article,,,2026-09-28T09:58:04.091379+00:00,B
5df31594bd8a4e2d,crossref,clepsydre de Ctésibios,"DIB Mohammed, Le coeur insulaire, poésie, Paris, Editions de la Différence, collection Clepsydre, 2000, 108 p.",https://doi.org/10.7202/1041899ar,Soumya Ammar-Khodja,2001,journal-article,,,2026-09-28T09:58:04.091396+00:00,B
520b385a342192aa,crossref,clepsydre de Ctésibios,Figures anthropoïdes dans La Poupée (1968) et La Clepsydre (1973) de Wojciech J. Has : commentaires sur l’adaptation et l’Histoire,https://doi.org/10.3917/otra1.052.0076,Jessy Neau,2022,journal-article,,,2026-09-28T09:58:04.091418+00:00,B
e3e8237634ab6ef2,crossref,clepsydre de Ctésibios,Clepsydre,https://doi.org/10.2307/40114510,F. C. St. Aubyn; Jean Chauvel,1960,journal-article,,,2026-09-28T09:58:04.091437+00:00,B
f12567127b5ecbbe,crossref,clepsydre de Ctésibios,"Sylvie Anne Goldberg, La Clepsydre II. Temps de Jérusalem, temps de Babylone",https://doi.org/10.4000/assr.3157,Régine Azria,2005,journal-article,,,2026-09-28T09:58:04.091452+00:00,B
2b5d129706370d4e,crossref,clepsydre de Ctésibios,La clepsydre et l’oxymore : variations sur la Chantepleure,https://doi.org/10.3406/roma.2016.7503,Jean-Marie Fritz,2016,journal-article,,,2026-09-28T09:58:04.091468+00:00,B
15b8a271743d5ce0,crossref,clepsydre de Ctésibios,"« Comment concilier les deux choses ? » : de la figure du double à l’écriture du treizième mois dans les récits de Bruno Schulz et dans leur adaptation cinématographique, La Clepsydre de Wojciech Has (1973)",https://doi.org/10.3917/otra1.031.0283,Jessy Neau,2012,journal-article,,,2026-09-28T09:58:04.091485+00:00,B
b5eed7cef9e6ffd4,crossref,clepsydre de Ctésibios,"M organe L eray , Pour une mythographie de la décadence. Le miroir et la clepsydre . Paris, Classiques Garnier, « Bibliothèque des Lettres modernes », 2016. Un vol. de 369 p.",https://doi.org/10.3917/rhlf.164.0951y,Marie-France David-De Palacio,2016,journal-article,,,2026-09-28T09:58:04.091504+00:00,B
fea0dda579150353,crossref,clepsydre de Ctésibios,Etude comparée des structures dites “<i>en clepsydre</i>” de l'appareil conducteur du<i>Libocedrus decurrens</i>Torr. et des<i>Clepsydropsis</i>carbonifères,https://doi.org/10.1080/00378941.1944.10834373,Edouard Boureau,1944,journal-article,,,2026-09-28T09:58:04.091522+00:00,B
8581abb7cb4eb1df,crossref,clepsydre de Ctésibios,La girafe et la clepsydre,https://doi.org/10.3917/mond.141.0027,Audrey Becker,2014,journal-article,,,2026-09-28T09:58:04.091538+00:00,B
3f91eb3f07955a9a,crossref,clepsydre de Ctésibios,"Sylvie Anne Goldberg 
            La clepsydre. Essai sur la pluralité des temps dans le judaïsme, II, Temps de Jérusalem, temps de Babylone 
            Paris, Albin Michel, « Bibliothèque Albin Michel-Idées », 2004, 416 p.",https://doi.org/10.1017/s0395264900018783,Gérard Nahon,2005,journal-article,,,2026-09-28T09:58:04.091553+00:00,B
ff3d3fea0e7d2922,crossref,clepsydre de Ctésibios,"Sylvie Anne Goldberg, La Clepsydre. Essai sur la pluralité des temps dans le judaïsme",https://doi.org/10.4000/assr.1653,Régine Azria,2002,journal-article,,,2026-09-28T09:58:04.091570+00:00,B
8e302a46df7c2091,crossref,clepsydre de Ctésibios,QUANTIFICATION OF CLINICAL INERTIA DURING GENERAL PRACTITIONERʼS MANAGEMENT OF UNCONTROLLED HYPERTENSIVE PATIENTS-CLEPSYDRE STUDY,https://doi.org/10.1097/00004872-201106001-00297,X. Girerd; B. Fiquet; S. Quere; A. Francillon,2011,journal-article,,,2026-09-28T09:58:04.091587+00:00,B
68fe92dd8acb3201,openalex,Wasseruhr Ktesibios,"Zeit und Zeitmessung, kulturgeschichtlich betrachtet",https://doi.org/10.1002/phbl.19530091103,Hans Schimank,1953,academic_work,,"V w Professor H a n s B c h i w a n k, Hamburg *) Jeglichem Bemiihen um die lschaffung einer Zeitrfxhtlung oder gar einer Zeitanessung mu13 der Erwerb von ZeiObewuRtsein vorausgegangen sein.Denn erst der Mensch, der sich des Geschehens als eines zeitlichen bewuDt wurde, kennt die gorge urn die Zukunft und die Erinnerung an Vergangenes.Nur das Tier und das spielende Kind leben zeitlos, von den Erwachsenen tut es niemand mehr.ZeitbewuRtsein ist selbst den Angehorigen der kulturell auf niedriger Stufe stehenden S t ; i m e eigen.Zu welchem Zeitpunkt ein solches BewuRtsein sich zum ersten Male i m Menschen regte und an welchen Stellen der Erde dies gescha!h, ht unbekannt.Auf bloRer Vermutung beruht die Annahme, daI3 dies wichtlge Ereignis sich im Klimagebiet der gemaRigten Zone zutrug.Man nimrmt viel-fa& auch an, daO es astrcmomische Vongange warm, der Wechsel von Tag und Nacht, der Gestaltwandel des Mondes oder die Folge der Jahreszeiten, die zur Ausbildung der Zeitvorstellung anregten.So kann es gewesen sein, aber es mu13 es nicht.Die Schwierigkeit bei d e n Rekonstrukti~sversuchen friihen menschilichen Geschehens bestaht &rh, sich von den GewEhnungen und Vberlieferungen der eigenen Zeit und Umwelt frei zu machen.Wir selbst denken in den Begriffen von Jahr, Manat und Tag und verknupfen mit ihnen als selbstverstandlich die Vorstellung einer periodischen Wiederkehr.Aber ist diese Vorstellung denn wirklich eine so sdbstversttindliche und naheliegende, wie wir mainen?Spricht nicht manche Oberlieferung, manche Baeichnung dafiir, daB fur die Menschheit in der Morgenfriihe ihrer Geschichte jeder neu anbrechende Tag ein jiunger Tag, der neue Mmd wirklich e h anderer und neugeborener war?Die Venmutung, daB in der Unterscheidung der biologischen Lebensalter, in der Unterscheidung von Kindheit, Mannesreife und Greisentum die Urspriinge der Chronologie zu suchen sind, erscheint uns als zullssig und wahrscheinlich.Das naturbafte Jahr ist ater als das astronomische, eine Zeitteilung ndch irdischem Geschehen naherliagend als e h e der Verknupfung mit dem Lauf der Gestirne.Die Stamme Sibiriens unterschieden noch zu Beginn dieses Jahrhunderts zwischen einem groRen und kleinen Kaltemonat, zwischen der Zeit des Kommens und des Verschwhdens des Schnees oder der des Eisbruchs.Es gab fur sie einen Monat des ersten Grases, der Bluten des Flachses, der Beeren, des BEtterfalls, einen Monat des Lachses, des ,Rens, der Seerobben, der Kriihen, der Raben, der Eniten.Venvandte Arten der Jahresunterteilung begegnen uns bei Indianerstammen Nordamerikas, und auf die Benutzung eines Naturkalenders weist es hin, wenn fur die Samoaner das Auftreten des Palolowurms, fur die alten Agypter das Anschwellen des Nils den Anfang eines neuen Jahres bezeichnete.DaR die Fiihigkeit des Zahlens Voraussetzung fur jede Art verfeineiter Zeitbestimmung ist, leuchtet ein und wird ethnolcngisch durch die Feststel-*) Nach einem Vortrag auf der Jahrestagung der Dt.Ges.f .Chronometrie, Sept. 1952 in Hamburg.Der Wortlaut ist ebenfalls in das irn Okt.d.J. erschienene",2026-09-28T09:58:08.328287+00:00,B
fcca1942e6520732,openalex,Wasseruhr Ktesibios,Zur wissenschaftlichen Terminologie einer mathematischen Dissertation in Turku 1645,https://doi.org/10.71390/arctos.88972,Reijo Pitkäranta,1986,academic_work,,,2026-09-28T09:58:08.328341+00:00,B
bc99255e656ce7f8,openalex,Wasseruhr Ktesibios,Zur musikalischen Konstruktion der Maschine,http://edoc.hu-berlin.de/18452/21041,Martin Carlé,2001,academic_work,,,2026-09-28T09:58:08.328360+00:00,E
584c3b27ed498491,openalex,Wasseruhr Ktesibios,2.1. Metamorphosen des Chaos – Kybernetik und Onto-Macht der Kontrolle,https://doi.org/10.1515/9783839440599-004,Lisa Handel,2019,academic_work,,"Metamorphosen des Chaos -Kybernetik und Onto-Macht der Kontrolle""Like Venus, cybernetics was born from the froth of chaos.""(Katherine Hayles, How we became posthuman) ""‚Kontrolle' ist der Name, den Burroughs vorschlägt, um das neue Monster zu bezeichnen, in dem Foucault unsere nahe Zukunft erkennt.""(Gilles Deleuze, Postskriptum über die Kontrollgesellschaften) ""Wir schwimmen gegen den reißenden Strom der Auflösung …"" (",2026-09-28T09:58:08.328381+00:00,B
b7e094f34b11c617,crossref,Wasseruhr Ktesibios,Ktesibios,https://doi.org/10.1163/1574-9347_dnp_e623840,,,dataset,,,2026-09-28T09:58:09.655111+00:00,B
9f6ff4cacf8e7fe7,crossref,Wasseruhr Ktesibios,Wasseruhr,https://doi.org/10.1163/1574-9347_dnp_e12209230,,,dataset,,,2026-09-28T09:58:09.655150+00:00,B
c45e3f4cbf4b1364,crossref,Wasseruhr Ktesibios,Ktesibios of Alexandria,https://doi.org/10.1002/9781444338386.wbeah09150,Ivana Petrovic,2012,other,,,2026-09-28T09:58:09.655203+00:00,B
866820c4fece6a0d,crossref,Wasseruhr Ktesibios,Wasseruhr,https://doi.org/10.24894/sprengglossarium_w02945,,2025,dataset,,,2026-09-28T09:58:09.655222+00:00,B
4744d46874a99408,crossref,Wasseruhr Ktesibios,3. Die Spritze des Ktesibios,https://doi.org/10.1515/9783110261431.494,,1976,book-chapter,,,2026-09-28T09:58:09.655237+00:00,B
f63621aa00cda88e,crossref,Wasseruhr Ktesibios,ON THE ALLEGED SECOND KTESIBIOS,https://doi.org/10.1111/j.1600-0498.1951.tb00597.x,A. G. Drachmann,1951,journal-article,,,2026-09-28T09:58:09.655261+00:00,B
d9726d57cf11587c,crossref,Wasseruhr Ktesibios,2. Die hydraulischen Maschinen des Ktesibios,https://doi.org/10.1515/9783110261431.490b,,1976,book-chapter,,,2026-09-28T09:58:09.655275+00:00,B
0c06ce1df658d103,crossref,Wasseruhr Ktesibios,<i>Ktesibios Philon and Heron. A Study in Ancient Pneumatics</i>. A. G. Drachmann,https://doi.org/10.1086/349247,,1951,journal-article,,,2026-09-28T09:58:09.655291+00:00,A
5b84275d85be5b5a,crossref,Wasseruhr Ktesibios,XII.Eine stelle des Claudius Galenus über die prüfung der sonnenuhren und die herstellung einer wasseruhr,https://doi.org/10.1524/phil.1866.23.14.448,Hermann Sauppe,1866,journal-article,,,2026-09-28T09:58:09.655308+00:00,B
a636d66650db06fb,crossref,Wasseruhr Ktesibios,Q 6 – Eine Wasseruhr aus der Zeit des Pharaos                               Amenophis III.,https://doi.org/10.7788/9783412518172.87,Rita Gautschy,2020,book-chapter,,,2026-09-28T09:58:09.655340+00:00,B
1f7b0736f9e00806,crossref,orologio ad acqua Ctesibio,"Orologio, Giovanni Dondi dall'",https://doi.org/10.1093/gmo/9781561592630.article.20488,Gianluca D’Agostino,2001,reference-book,,,2026-09-28T09:58:13.817438+00:00,B
dab8e5566ab54bf3,crossref,orologio ad acqua Ctesibio,"Orologio,  Alessandro",https://doi.org/10.1553/0x0001dbfd,,,component,,,2026-09-28T09:58:13.817476+00:00,B
cbd6de8ea66037a4,crossref,orologio ad acqua Ctesibio,Orologi ad acqua nell´antichitá greco-romana,https://doi.org/10.5944/endoxa.19.2005.5107,Giovanni Di Pasquale,2005,journal-article,,,2026-09-28T09:58:13.817495+00:00,B
118de578d3f17582,crossref,orologio ad acqua Ctesibio,"Orologio [Horologius], Alessandro",https://doi.org/10.1093/gmo/9781561592630.article.20487,Keith Polk,2001,reference-book,,,2026-09-28T09:58:13.817512+00:00,B
677dc9d09214b5d2,crossref,orologio ad acqua Ctesibio,ACQUA,https://doi.org/10.5270/esa-t3oh82j,,,dataset,,,2026-09-28T09:58:13.817527+00:00,B
31fdf0bdf4068119,crossref,orologio ad acqua Ctesibio,LA MODELLAZIONE 3D DI UNA RUOTA AD ACQUA DEL XVI SECOLO,https://doi.org/10.36253/me-8791,Martino Sacchi,2020,journal-article,,,2026-09-28T09:58:13.817540+00:00,B
8b5f40aa59c8405d,crossref,orologio ad acqua Ctesibio,Conduttivita elettrica acquistata dall’aria proveniente da una soffieria ad acqua,https://doi.org/10.1007/bf02709474,A. Pochettino,1902,journal-article,,,2026-09-28T09:58:13.817554+00:00,B
e0589223500615a6,crossref,orologio ad acqua Ctesibio,"Alessandro Dell' Acqua, Milan",https://doi.org/10.5040/9781350914551,,2008,other,,,2026-09-28T09:58:13.817570+00:00,B
c611bdf104072b79,crossref,orologio ad acqua Ctesibio,"The works of Orologio: Alessandro Orologio,Opera omnia",https://doi.org/10.1093/em/xxx.3.475,L. Stras,2002,journal-article,,,2026-09-28T09:58:13.817583+00:00,B
5b0e17c4d6557db7,crossref,orologio ad acqua Ctesibio,A APRENDIZAGEM DO NADO SINCRONIZADO,https://doi.org/10.24824/978854440909.1,Josiette Lunkmoss DallAcqua; Flavia Liz Lunkmoss DallAcqua,2016,book,,,2026-09-28T09:58:13.817595+00:00,B
2d36a72487ff9953,crossref,orologio ad acqua Ctesibio,Delle variazioni nella intensità e nella forza elettromotrice in una coppia elettrica ad acqua di mare,https://doi.org/10.1007/bf02737280,Carlo Cattaneo,1884,journal-article,,,2026-09-28T09:58:13.817613+00:00,B
959cd4416e40e33b,crossref,orologio ad acqua Ctesibio,Acqua e biosfera,https://doi.org/10.4000/books.mimesis.1183,Giovanni Aliotta,2016,book-chapter,,,2026-09-28T09:58:13.817628+00:00,B
ad143f4ae16622b4,crossref,orologio ad acqua Ctesibio,Sopra alcuni fenomeni che si osservano nel passaggio di una corrente elettrica per un voltametro ad acqua,https://doi.org/10.1007/bf02719134,Adolfo Bartoli,1878,journal-article,,,2026-09-28T09:58:13.817642+00:00,B
0c69522644375b3c,crossref,orologio ad acqua Ctesibio,Quel dannato orologio biologico,https://doi.org/10.1007/978-88-470-2044-3_2,Nunzia Bonifati,2012,book-chapter,,,2026-09-28T09:58:13.817655+00:00,B
5c82c99549150ed1,crossref,orologio ad acqua Ctesibio,Il polietilene nel trasporto di acqua,https://doi.org/10.1007/88-470-0356-3_2,,,book-chapter,,,2026-09-28T09:58:13.817667+00:00,B
f8d9a3113c854bb4,crossref,orologio ad acqua Ctesibio,Sopra alcuni fenomeni che si osservano nel passaggio di una corrente elettrica per un voltametro ad acqua,https://doi.org/10.1007/bf02717661,Adolfo Bartoli,1870,journal-article,,,2026-09-28T09:58:13.817680+00:00,B
1f68397d0f67429f,crossref,orologio ad acqua Ctesibio,Contribuciones de Ctesibio de Alejandría,https://doi.org/10.29166/pr.vi3.10247,Everzon Dominguez,2024,journal-article,,,2026-09-28T09:58:13.817693+00:00,B
3b996638e1a3207b,crossref,orologio ad acqua Ctesibio,Acqua Alta,https://doi.org/10.2307/j.ctt20mvgqw.30,,,book-chapter,,,2026-09-28T09:58:13.817707+00:00,B
784e3c24297f6bc0,crossref,orologio ad acqua Ctesibio,"«Per le anime è morte diventare acqua» (fr. 36 DK), dice Eraclito",https://doi.org/10.1484/m.mon-eb.4.00140,,2012,book-chapter,,,2026-09-28T09:58:13.817721+00:00,B
8012ec6a43a39055,crossref,orologio ad acqua Ctesibio,Sopra alcuni fenomeni che si osservano nel passaggio di una corrente elettrica per un voltametro ad acqua,https://doi.org/10.1007/bf02719133,Adolfo Bartoli,1878,journal-article,,,2026-09-28T09:58:13.817736+00:00,B
ca5f606e103c383d,crossref,reloj de agua Ctesibio,El reloj circadiano de Arabidopsis thaliana,https://doi.org/10.18567/sebbmdiv_anc.2015.06.1,Paloma Mas,2015,report,,,2026-09-28T09:58:15.786962+00:00,B
7e92c89ee15ff97b,crossref,reloj de agua Ctesibio,RELOJ DE PIE,https://doi.org/10.2307/j.ctv86dh8t.66,,,book-chapter,,,2026-09-28T09:58:15.786983+00:00,B
95288cf9b7f0462c,crossref,reloj de agua Ctesibio,RELOJ DE ARENA,https://doi.org/10.2307/j.ctv86dh8t.23,,,book-chapter,,,2026-09-28T09:58:15.786997+00:00,B
801e23187905e420,crossref,reloj de agua Ctesibio,El retraso del reloj latinoamericano,https://doi.org/10.22201/fcpys.2448492xe.1996.165.49515,Xavier Rodríguez Ledesma,2015,journal-article,,,2026-09-28T09:58:15.787011+00:00,B
d0b1a9394687785f,crossref,reloj de agua Ctesibio,El reloj. El gato y Madagascar,https://doi.org/10.12795/rea.1983.i01.09,José Luis Sampedro,1983,journal-article,,,2026-09-28T09:58:15.787024+00:00,B
169681b7c5125f38,crossref,reloj de agua Ctesibio,El mecanismo de reloj de las generaciones,https://doi.org/10.2307/j.ctvt7x6rn.9,,2012,book-chapter,,,2026-09-28T09:58:15.787037+00:00,B
0ddd46e5ee5700e9,crossref,reloj de agua Ctesibio,LA LUZ,https://doi.org/10.2307/j.ctvt7x5xm.7,,2014,book-chapter,,,2026-09-28T09:58:15.787050+00:00,B
ba2dd10f3f1d6dfe,crossref,reloj de agua Ctesibio,Reloj de lluvia,https://doi.org/10.21071/hikma.v2i2.6772,Magdalena LÓPEZ PÉREZ,2003,journal-article,,,2026-09-28T09:58:15.787062+00:00,B
e6ebff88c0de034d,crossref,reloj de agua Ctesibio,Front Matter,https://doi.org/10.2307/j.ctvt7x5xm.1,,2014,book-chapter,,,2026-09-28T09:58:15.787075+00:00,B
5806e0b683f0f789,crossref,reloj de agua Ctesibio,Reloj de archivos,https://doi.org/10.29340/39.247,Juan Manuel Herrera,2013,journal-article,,,2026-09-28T09:58:15.787093+00:00,B
97ec195768f17e17,crossref,reloj de agua Ctesibio,VERTU NIÉE; EL VELO,https://doi.org/10.2307/j.ctvt7x5xm.11,,2014,book-chapter,,,2026-09-28T09:58:15.787107+00:00,B
f90fdfa5a6335f7b,crossref,reloj de agua Ctesibio,Progeria: cuando el reloj de la vida se acelera,https://doi.org/10.64628/aao.mx376sn5n,Diana Iglesias,2023,posted-content,,,2026-09-28T09:58:15.787120+00:00,B
59ffb5f2fd2d7dc8,crossref,reloj de agua Ctesibio,El mensaje reencontrado,https://doi.org/10.2307/j.ctvt7x5xm,LOUIS CATTIAUX,2014,monograph,,,2026-09-28T09:58:15.787133+00:00,B
c084163d55a02367,crossref,reloj de agua Ctesibio,"Estudio, diseño e implementación de un driver de reloj para CCDS utilizando la fuente de corriente de Howland mejorada",https://doi.org/10.7764/tesisuc/ing/16849,Braulio Javier Cancino Vera,,dissertation,,,2026-09-28T09:58:15.787148+00:00,B
844c1284d307bfaf,crossref,reloj de agua Ctesibio,ÉRIN VÊTUE; LAS FLORES,https://doi.org/10.2307/j.ctvt7x5xm.40,,2014,book-chapter,,,2026-09-28T09:58:15.787189+00:00,B
e60d4d08247faaf9,crossref,reloj de agua Ctesibio,REINE VEUT; REY SALVA,https://doi.org/10.2307/j.ctvt7x5xm.43,,2014,book-chapter,,,2026-09-28T09:58:15.787206+00:00,B
360942c6fa45ace9,crossref,reloj de agua Ctesibio,VÉRITÉ NUE; EL BROTE VERDE,https://doi.org/10.2307/j.ctvt7x5xm.8,,2014,book-chapter,,,2026-09-28T09:58:15.787221+00:00,B
27185a55ea5aeab9,crossref,reloj de agua Ctesibio,Table of Contents,https://doi.org/10.2307/j.ctvt7x5xm.2,,2014,book-chapter,,,2026-09-28T09:58:15.787239+00:00,B
239a8663da1743e8,crossref,reloj de agua Ctesibio,Back Matter,https://doi.org/10.2307/j.ctvt7x5xm.51,,2014,book-chapter,,,2026-09-28T09:58:15.787255+00:00,B
96ab66f20befbb53,crossref,Κτησίβιος υδραυλικό ρολόι,Μετρήσεις χρόνου και σχετικά αστρονομικά όργανα στην ελληνική αρχαιότητα,https://doi.org/10.12681/eadd/37573,Ευαγγελία Πάνου,,dissertation,,,2026-09-28T09:58:19.460662+00:00,B
4a38fa3c5a832aa7,crossref,Κτησίβιος υδραυλικό ρολόι,To βιολογικό ρολόι των μαθητών/τριών  και η σχέση του με την φοίτηση. Η  επίδραση του ύπνου και οι απόψεις των μαθητών/τριών Δευτεροβάθμιας  Εκπαίδευσης,https://doi.org/10.12681/edusc.3375,Βασιλική Νοτοπούλου,2021,journal-article,,,2026-09-28T09:58:19.460705+00:00,B
340b1fec206e508f,crossref,Κτησίβιος υδραυλικό ρολόι,Σχεδιάζω Ηλιακό Ρολόι στο Σχολείο μου και το Αξιοποιώ Εκπαιδευτικά: Πώς η Διαδικτυακή Κοινότητα Πρακτικής «Εξ αποστάσεως Εκπαίδευση» συντονίζει μια Δράση Ευρείας Κλίμακας,https://doi.org/10.12681/codiste.7815,Μανόλης Κουσλόγλου; Παναγιώτης Παζούλης; Μιχάλης Δογραματζίδης; Αρχιμήδης Καραγιαννίδης,2025,journal-article,,,2026-09-28T09:58:19.460732+00:00,B
